SSA,MP concentration,HM concentration,Hydrated radius,Electronegativity,Molar mass,Temperature,pH,logQmax
,1,15.3928,4.04,1.91,58.69,30,6,2.651278014
,1,37.155,4.04,1.91,58.69,30,6,2.651278014
,1,67.4098,4.04,1.91,58.69,30,6,2.651278014
,1,107.219,4.04,1.91,58.69,30,6,2.651278014
,1,154.459,4.04,1.91,58.69,30,6,2.651278014
,2.5,17.9006,4.04,1.91,58.69,30,6,2.579669294
,2.5,42.0845,4.04,1.91,58.69,30,6,2.579669294
,2.5,73.3978,4.04,1.91,58.69,30,6,2.579669294
,2.5,10.576,4.04,1.91,58.69,30,6,2.601190533
,2.5,26.3314,4.04,1.91,58.69,30,6,2.601190533
,2.5,49.8646,4.04,1.91,58.69,30,6,2.601190533
,2.5,83.7689,4.04,1.91,58.69,30,6,2.601190533
,2.5,124.157,4.04,1.91,58.69,30,6,2.601190533
,2.5,169.08,4.04,1.91,58.69,30,6,2.601190533
,2.5,216.597,4.04,1.91,58.69,30,6,2.601190533
,2.5,262.167,4.04,1.91,58.69,30,6,2.601190533
,2.5,20.2963,4.04,1.91,58.69,30,6,2.525433553
,2.5,39.9418,4.04,1.91,58.69,30,6,2.525433553
,2.5,68.6618,4.04,1.91,58.69,30,6,2.525433553
,2.5,107.104,4.04,1.91,58.69,30,6,2.525433553
,2.5,150.731,4.04,1.91,58.69,30,6,2.525433553
,2.5,198.246,4.04,1.91,58.69,30,6,2.525433553
,2.5,245.113,4.04,1.91,58.69,30,6,2.525433553
,2.5,288.73,4.04,1.91,58.69,30,6,2.525433553
,1,3.19149,4.26,1.6,112.41,30,6,2.616475514
,1,14.8936,4.26,1.6,112.41,30,6,2.616475514
,1,38.2979,4.26,1.6,112.41,30,6,2.616475514
,1,62.234,4.26,1.6,112.41,30,6,2.616475514
,1,102.128,4.26,1.6,112.41,30,6,2.616475514
,1,151.064,4.26,1.6,112.41,30,6,2.616475514
,1,196.277,4.26,1.6,112.41,30,6,2.616475514
,1,243.617,4.26,1.6,112.41,30,6,2.616475514
,1,23.1787,4.3,1.6,65.93,30,6,2.59900924
,1,48.3147,4.3,1.6,65.93,30,6,2.59900924
,1,80.3575,4.3,1.6,65.93,30,6,2.59900924
,1,121.433,4.3,1.6,65.93,30,6,2.59900924
350,1,0.664286,4.19,1.9,63.55,25,,-0.109478384
350,1,1.02857,4.19,1.9,63.55,25,,-0.109478384
350,1,0.111429,4.19,1.9,63.55,25,,0.195052367
350,1,0.458571,4.19,1.9,63.55,25,,0.195052367
350,1,0.784286,4.19,1.9,63.55,25,,0.195052367
350,1,0.141429,4.19,1.9,63.55,25,,-0.145093043
350,1,0.655714,4.19,1.9,63.55,25,,-0.145093043
350,1,1.05,4.19,1.9,63.55,25,,-0.145093043
350,1,0.124286,4.19,1.9,63.55,25,,0.108006576
350,1,0.192857,4.19,1.9,63.55,25,,0.108006576
350,1,1.14429,4.19,1.9,63.55,25,,0.108006576
350,1,0.0513064,4.26,1.6,112.41,25,,0.591409678
350,1,0.166746,4.26,1.6,112.41,25,,0.591409678
350,1,0.252257,4.26,1.6,112.41,25,,0.591409678
350,1,0.654157,4.26,1.6,112.41,25,,0.591409678
350,1,0.940618,4.26,1.6,112.41,25,,0.591409678
350,1,1.34679,4.26,1.6,112.41,25,,0.591409678
350,1,0.230879,4.26,1.6,112.41,25,,0.137078633
350,1,0.8038,4.26,1.6,112.41,25,,0.137078633
350,1,1.59477,4.26,1.6,112.41,25,,0.137078633
350,1,0.290736,4.26,1.6,112.41,25,,0.374112014
350,1,0.585748,4.26,1.6,112.41,25,,0.374112014
350,1,1.24418,4.26,1.6,112.41,25,,0.374112014
,1,200,4.01,2.33,207.2,30,6,2.695481676
,1,300,4.01,2.33,207.2,30,6,2.695481676
,1,400,4.01,2.33,207.2,30,6,2.695481676
,1,500,4.01,2.33,207.2,30,6,2.695481676
,1,200,4.19,1.9,63.55,30,6,2.682145076
,1,300,4.19,1.9,63.55,30,6,2.682145076
,1,400,4.19,1.9,63.55,30,6,2.682145076
,1,500,4.19,1.9,63.55,30,6,2.682145076
,1.5,25,4.01,2.33,207.2,30,6,2.373831145
,1.5,50,4.01,2.33,207.2,30,6,2.373831145
,1.5,75,4.01,2.33,207.2,30,6,2.373831145
,1.5,100,4.01,2.33,207.2,30,6,2.373831145
,1.5,125,4.01,2.33,207.2,30,6,2.373831145
,1.5,150,4.01,2.33,207.2,30,6,2.373831145
,1.5,175,4.01,2.33,207.2,30,6,2.373831145
,1.5,200,4.01,2.33,207.2,30,6,2.373831145
,1.5,25,4.04,1.91,58.69,30,6,2.336659823
,1.5,50,4.04,1.91,58.69,30,6,2.336659823
,1.5,75,4.04,1.91,58.69,30,6,2.336659823
,1.5,100,4.04,1.91,58.69,30,6,2.336659823
,1.5,125,4.04,1.91,58.69,30,6,2.336659823
,1.5,150,4.04,1.91,58.69,30,6,2.336659823
,1.5,175,4.04,1.91,58.69,30,6,2.336659823
,1.5,200,4.04,1.91,58.69,30,6,2.336659823
725,4,7.18182,4.01,2.33,207.2,25,5,-0.050834958
725,4,16.4286,4.01,2.33,207.2,25,5,-0.050834958
725,4,25.1558,4.01,2.33,207.2,25,5,-0.050834958
725,4,33.3636,4.01,2.33,207.2,25,5,-0.050834958
725,4,42.4026,4.01,2.33,207.2,25,5,-0.050834958
725,4,20,4.01,2.33,207.2,25,4,-0.050834958
725,4,20,4.01,2.33,207.2,25,5,-0.050834958
725,4,20,4.01,2.33,207.2,25,6,-0.050834958
725,4,20,4.01,2.33,207.2,25,7,-0.050834958
725,4,20,4.01,2.33,207.2,25,5,-0.050834958
725,4,20,4.01,2.33,207.2,25,5,-0.050834958
725,4,20,4.01,2.33,207.2,25,5,-0.050834958
725,4,20,4.01,2.33,207.2,25,5,-0.050834958
725,4,20,4.01,2.33,207.2,25,5,-0.050834958
725,4,20,4.01,2.33,207.2,25,5,-0.050834958
725,4,7.28571,4.01,2.33,207.2,25,5,0.036553606
725,4,16.4286,4.01,2.33,207.2,25,5,0.036553606
725,4,25.1558,4.01,2.33,207.2,25,5,0.036553606
725,4,33.3636,4.01,2.33,207.2,25,5,0.036553606
725,4,42.4026,4.01,2.33,207.2,25,5,0.036553606
725,4,7.28571,4.01,2.33,207.2,25,5,0.162426539
725,4,16.4286,4.01,2.33,207.2,25,5,0.162426539
725,4,25.1558,4.01,2.33,207.2,25,5,0.162426539
725,4,33.3636,4.01,2.33,207.2,25,5,0.162426539
725,4,42.4026,4.01,2.33,207.2,25,5,0.162426539
725,4,7.28571,4.01,2.33,207.2,25,5,0.237723225
725,4,16.4286,4.01,2.33,207.2,25,5,0.237723225
725,4,25.1558,4.01,2.33,207.2,25,5,0.237723225
725,4,33.3636,4.01,2.33,207.2,25,5,0.237723225
725,4,42.4026,4.01,2.33,207.2,25,5,0.237723225
725,4,7.28571,4.01,2.33,207.2,25,5,0.319942452
725,4,16.5325,4.01,2.33,207.2,25,5,0.319942452
725,4,25.1558,4.01,2.33,207.2,25,5,0.319942452
725,4,33.3636,4.01,2.33,207.2,25,5,0.319942452
725,4,42.4026,4.01,2.33,207.2,25,5,0.319942452
725,4,20,4.01,2.33,207.2,25,5,0.319942452
725,4,20,4.01,2.33,207.2,25,5,0.319942452
725,4,20,4.01,2.33,207.2,25,5,0.319942452
725,4,20,4.01,2.33,207.2,25,5,0.319942452
725,4,20,4.01,2.33,207.2,25,5,0.319942452
725,4,20,4.01,2.33,207.2,25,5,0.319942452
725,4,20,4.01,2.33,207.2,25,5,0.319942452
725,4,20,4.01,2.33,207.2,25,5,0.319942452
725,4,20,4.01,2.33,207.2,25,5,0.319942452
725,4,20,4.01,2.33,207.2,25,5,0.319942452
,10,20,4.01,2.33,207.2,25,6,0.653212514
,10,40,4.01,2.33,207.2,25,6,0.653212514
,10,60,4.01,2.33,207.2,25,6,0.653212514
,10,80,4.01,2.33,207.2,25,6,0.653212514
,10,100,4.01,2.33,207.2,25,6,0.653212514
,10,20,4.26,1.6,112.41,25,6,0.751279104
,10,40,4.26,1.6,112.41,25,6,0.751279104
,10,60,4.26,1.6,112.41,25,6,0.751279104
,10,80,4.26,1.6,112.41,25,6,0.751279104
,10,100,4.26,1.6,112.41,25,6,0.751279104
,0.5,2,,2,200.59,60,7,1.111262514
,0.5,3.5,,2,200.59,60,7,1.111262514
,0.5,5,,2,200.59,60,7,1.111262514
,0.5,6.5,,2,200.59,60,7,1.111262514
0.00309,1,100.61,4.04,1.91,58.69,25,5.5,1.878981123
0.00309,1,200.305,4.04,1.91,58.69,25,5.5,1.878981123
0.00309,1,300,4.04,1.91,58.69,25,5.5,1.878981123
0.00309,1,400.61,4.04,1.91,58.69,25,5.5,1.878981123
0.00309,1,499.39,4.04,1.91,58.69,25,5.5,1.878981123
0.00309,1,98.7805,4.04,1.91,58.69,35,5.5,1.90118578
0.00309,1,197.561,4.04,1.91,58.69,35,5.5,1.90118578
0.00309,1,299.085,4.04,1.91,58.69,35,5.5,1.90118578
0.00309,1,398.78,4.04,1.91,58.69,35,5.5,1.90118578
0.00309,1,497.561,4.04,1.91,58.69,35,5.5,1.90118578
0.00309,1,99.6951,4.04,1.91,58.69,45,5.5,1.911210893
0.00309,1,199.39,4.04,1.91,58.69,45,5.5,1.911210893
0.00309,1,300,4.04,1.91,58.69,45,5.5,1.911210893
0.00309,1,399.695,4.04,1.91,58.69,45,5.5,1.911210893
0.00309,1,499.39,4.04,1.91,58.69,45,5.5,1.911210893
0.00309,1,100,4.23,1.8,58.93,25,5.5,1.869525063
0.00309,1,199.091,4.23,1.8,58.93,25,5.5,1.869525063
0.00309,1,300.909,4.23,1.8,58.93,25,5.5,1.869525063
0.00309,1,400,4.23,1.8,58.93,25,5.5,1.869525063
0.00309,1,500,4.23,1.8,58.93,25,5.5,1.869525063
0.00309,1,99.0909,4.23,1.8,58.93,35,5.5,1.895256753
0.00309,1,198.182,4.23,1.8,58.93,35,5.5,1.895256753
0.00309,1,297.273,4.23,1.8,58.93,35,5.5,1.895256753
0.00309,1,397.273,4.23,1.8,58.93,35,5.5,1.895256753
0.00309,1,497.273,4.23,1.8,58.93,35,5.5,1.895256753
0.00309,1,100,4.23,1.8,58.93,45,5.5,1.900803935
0.00309,1,200,4.23,1.8,58.93,45,5.5,1.900803935
0.00309,1,300,4.23,1.8,58.93,45,5.5,1.900803935
0.00309,1,400,4.23,1.8,58.93,45,5.5,1.900803935
0.00309,1,499.091,4.23,1.8,58.93,45,5.5,1.900803935
,10,19.7739,4.01,2.33,207.2,25,6,-0.160528866
,10,39.8974,4.01,2.33,207.2,25,6,-0.160528866
,10,59.9377,4.01,2.33,207.2,25,6,-0.160528866
,10,79.8473,4.01,2.33,207.2,25,6,-0.160528866
,10,99.8578,4.01,2.33,207.2,25,6,-0.160528866
,10,19.778,4.26,1.6,112.41,25,12,0.215882264
,10,39.9198,4.26,1.6,112.41,25,12,0.215882264
,10,59.7488,4.26,1.6,112.41,25,12,0.215882264
,10,79.9225,4.26,1.6,112.41,25,12,0.215882264
,10,99.8944,4.26,1.6,112.41,25,12,0.215882264
0.003316,0.4,9.22709,4.01,2.33,207.2,15,6,1.115887739
0.003316,0.4,15.0678,4.01,2.33,207.2,15,6,1.115887739
0.003316,0.4,22.4168,4.01,2.33,207.2,15,6,1.115887739
0.003316,0.4,31.0323,4.01,2.33,207.2,15,6,1.115887739
0.003316,0.4,40.4628,4.01,2.33,207.2,15,6,1.115887739
0.003316,0.4,7.86885,4.01,2.33,207.2,25,6,1.116899832
0.003316,0.4,13.4016,4.01,2.33,207.2,25,6,1.116899832
0.003316,0.4,22.377,4.01,2.33,207.2,25,6,1.116899832
0.003316,0.4,30.7377,4.01,2.33,207.2,25,6,1.116899832
0.003316,0.4,39.8361,4.01,2.33,207.2,25,6,1.116899832
0.003316,0.4,6.02744,4.01,2.33,207.2,35,6,1.131962371
0.003316,0.4,11.1475,4.01,2.33,207.2,35,6,1.131962371
0.003316,0.4,18.8318,4.01,2.33,207.2,35,6,1.131962371
0.003316,0.4,24.6695,4.01,2.33,207.2,35,6,1.131962371
0.003316,0.4,33.178,4.01,2.33,207.2,35,6,1.131962371
0.004103,0.4,6.57091,4.01,2.33,207.2,15,6,1.11809104
0.004103,0.4,13.4502,4.01,2.33,207.2,15,6,1.11809104
0.004103,0.4,20.2229,4.01,2.33,207.2,15,6,1.11809104
0.004103,0.4,29.4163,4.01,2.33,207.2,15,6,1.11809104
0.004103,0.4,39.3086,4.01,2.33,207.2,15,6,1.11809104
0.004103,0.4,5.16393,4.01,2.33,207.2,25,6,1.137688883
0.004103,0.4,11.6803,4.01,2.33,207.2,25,6,1.137688883
0.004103,0.4,19.1803,4.01,2.33,207.2,25,6,1.137688883
0.004103,0.4,27.0492,4.01,2.33,207.2,25,6,1.137688883
0.004103,0.4,36.6393,4.01,2.33,207.2,25,6,1.137688883
0.004103,0.4,8.46751,4.01,2.33,207.2,35,6,1.17158576
0.004103,0.4,15.7403,4.01,2.33,207.2,35,6,1.17158576
0.004103,0.4,21.5771,4.01,2.33,207.2,35,6,1.17158576
0.004103,0.4,29.7773,4.01,2.33,207.2,35,6,1.17158576
0.01051,0.4,8.8868,4.01,2.33,207.2,15,6,1.119842582
0.01051,0.4,14.1444,4.01,2.33,207.2,15,6,1.119842582
0.01051,0.4,23.2359,4.01,2.33,207.2,15,6,1.119842582
0.01051,0.4,29.2978,4.01,2.33,207.2,15,6,1.119842582
0.01051,0.4,39.7697,4.01,2.33,207.2,15,6,1.119842582
0.01051,0.4,6.88525,4.01,2.33,207.2,25,6,1.131644003
0.01051,0.4,12.9098,4.01,2.33,207.2,25,6,1.131644003
0.01051,0.4,20.041,4.01,2.33,207.2,25,6,1.131644003
0.01051,0.4,30,4.01,2.33,207.2,25,6,1.131644003
0.01051,0.4,38.4836,4.01,2.33,207.2,25,6,1.131644003
0.01051,0.4,6.43434,4.01,2.33,207.2,35,6,1.165200984
0.01051,0.4,10.5262,4.01,2.33,207.2,35,6,1.165200984
0.01051,0.4,19.5475,4.01,2.33,207.2,35,6,1.165200984
0.01051,0.4,23.2234,4.01,2.33,207.2,35,6,1.165200984
0.01051,0.4,32.5544,4.01,2.33,207.2,35,6,1.165200984
0.007961,0.4,12.0041,4.01,2.33,207.2,15,6,1.108293336
0.007961,0.4,17.2612,4.01,2.33,207.2,15,6,1.108293336
0.007961,0.4,26.3526,4.01,2.33,207.2,15,6,1.108293336
0.007961,0.4,34.0316,4.01,2.33,207.2,15,6,1.108293336
0.007961,0.4,40.9154,4.01,2.33,207.2,15,6,1.108293336
0.007961,0.4,8.60656,4.01,2.33,207.2,25,6,1.119999757
0.007961,0.4,14.6311,4.01,2.33,207.2,25,6,1.119999757
0.007961,0.4,23.7295,4.01,2.33,207.2,25,6,1.119999757
0.007961,0.4,31.9672,4.01,2.33,207.2,25,6,1.119999757
0.007961,0.4,40.6967,4.01,2.33,207.2,25,6,1.119999757
0.007961,0.4,8.90818,4.01,2.33,207.2,35,6,1.147429897
0.007961,0.4,13.0001,4.01,2.33,207.2,35,6,1.147429897
0.007961,0.4,21.9183,4.01,2.33,207.2,35,6,1.147429897
0.007961,0.4,27.2428,4.01,2.33,207.2,35,6,1.147429897
0.007961,0.4,35.1314,4.01,2.33,207.2,35,6,1.147429897
0.1,0.6,400,4.01,2.33,207.2,25,,2.853871956
0.1,0.6,500,4.01,2.33,207.2,25,,2.853871956
500,1,0.0862069,4.26,1.6,112.41,25,,-0.815564112
500,1,0.17931,4.26,1.6,112.41,25,,-0.815564112
500,1,0.465517,4.26,1.6,112.41,25,,-0.815564112
500,1,0.955172,4.26,1.6,112.41,25,,-0.815564112
500,1,0.0862069,4.01,2.33,207.2,25,,-0.753624536
500,1,0.175862,4.01,2.33,207.2,25,,-0.753624536
500,1,0.451724,4.01,2.33,207.2,25,,-0.753624536
500,1,0.944828,4.01,2.33,207.2,25,,-0.753624536
500,1,0.0896552,4.3,1.6,65.93,25,,-0.84863015
500,1,0.182759,4.3,1.6,65.93,25,,-0.84863015
500,1,0.468966,4.3,1.6,65.93,25,,-0.84863015
500,1,0.958621,4.3,1.6,65.93,25,,-0.84863015
500,1,0.0756014,4.26,1.6,112.41,25,,-0.769576626
500,1,0.158076,4.26,1.6,112.41,25,,-0.769576626
500,1,0.43299,4.26,1.6,112.41,25,,-0.769576626
500,1,0.917526,4.26,1.6,112.41,25,,-0.769576626
500,1,0.0756014,4.01,2.33,207.2,25,,-0.66452204
500,1,0.158076,4.01,2.33,207.2,25,,-0.66452204
500,1,0.43299,4.01,2.33,207.2,25,,-0.66452204
500,1,0.917526,4.01,2.33,207.2,25,,-0.66452204
500,1,0.0790378,4.3,1.6,65.93,25,,-0.820821771
500,1,0.168385,4.3,1.6,65.93,25,,-0.820821771
500,1,0.443299,4.3,1.6,65.93,25,,-0.820821771
500,1,0.917526,4.3,1.6,65.93,25,,-0.820821771
150,5,5,4.01,2.33,207.2,25,5,-0.27083521
150,5,10,4.01,2.33,207.2,25,5,-0.27083521
150,5,15,4.01,2.33,207.2,25,5,-0.27083521
150,5,20,4.01,2.33,207.2,25,5,-0.27083521
150,5,25,4.01,2.33,207.2,25,5,-0.27083521
150,5,5,4.01,2.33,207.2,25,5,-0.085656843
150,5,10,4.01,2.33,207.2,25,5,-0.085656843
150,5,15,4.01,2.33,207.2,25,5,-0.085656843
150,5,20,4.01,2.33,207.2,25,5,-0.085656843
150,5,25,4.01,2.33,207.2,25,5,-0.085656843
225,5,5,4.01,2.33,207.2,25,5,-0.173925197
225,5,10,4.01,2.33,207.2,25,5,-0.173925197
225,5,15,4.01,2.33,207.2,25,5,-0.173925197
225,5,20,4.01,2.33,207.2,25,5,-0.173925197
225,5,25,4.01,2.33,207.2,25,5,-0.173925197
225,5,5,4.01,2.33,207.2,25,5,-0.010105436
225,5,10,4.01,2.33,207.2,25,5,-0.010105436
225,5,15,4.01,2.33,207.2,25,5,-0.010105436
225,5,20,4.01,2.33,207.2,25,5,-0.010105436
225,5,25,4.01,2.33,207.2,25,5,-0.010105436
100,1.25,0.757962,4.01,2.33,207.2,25,7,0.06069784
100,1.25,1.66083,4.01,2.33,207.2,25,7,0.06069784
100,1.25,2.11783,4.01,2.33,207.2,25,7,0.06069784
100,1.25,2.63057,4.01,2.33,207.2,25,7,0.06069784
100,1.25,3.62261,4.01,2.33,207.2,25,7,0.06069784
0.1,1.25,0.613057,4.01,2.33,207.2,25,7,0.23299611
0.1,1.25,1.32643,4.01,2.33,207.2,25,7,0.23299611
0.1,1.25,2.00637,4.01,2.33,207.2,25,7,0.23299611
0.1,1.25,2.56369,4.01,2.33,207.2,25,7,0.23299611
0.1,1.25,3.46656,4.01,2.33,207.2,25,7,0.23299611
9.5,1,9.70655,4.01,2.33,207.2,20,7,0.129754323
9.5,1,19.6388,4.01,2.33,207.2,20,7,0.129754323
9.5,1,29.5711,4.01,2.33,207.2,20,7,0.129754323
9.5,1,39.5034,4.01,2.33,207.2,20,7,0.129754323
9.5,1,49.5485,4.01,2.33,207.2,20,7,0.129754323
9.5,1,9.81941,4.19,1.9,63.55,20,7,-0.120101676
9.5,1,19.6388,4.19,1.9,63.55,20,7,-0.120101676
9.5,1,29.684,4.19,1.9,63.55,20,7,-0.120101676
9.5,1,39.5034,4.19,1.9,63.55,20,7,-0.120101676
9.5,1,49.5485,4.19,1.9,63.55,20,7,-0.120101676
9.5,1,9.81941,4.26,1.6,112.41,20,7,-0.183559832
9.5,1,19.7517,4.26,1.6,112.41,20,7,-0.183559832
9.5,1,29.684,4.26,1.6,112.41,20,7,-0.183559832
9.5,1,39.6163,4.26,1.6,112.41,20,7,-0.183559832
9.5,1,49.5485,4.26,1.6,112.41,20,7,-0.183559832
9.5,1,9.81941,4.04,1.91,58.69,20,7,-0.115601174
9.5,1,19.8646,4.04,1.91,58.69,20,7,-0.115601174
9.5,1,29.684,4.04,1.91,58.69,20,7,-0.115601174
9.5,1,39.7291,4.04,1.91,58.69,20,7,-0.115601174
9.5,1,49.7743,4.04,1.91,58.69,20,7,-0.115601174
48.3,1,9.70655,4.01,2.33,207.2,20,7,0.026737494
48.3,1,19.6388,4.01,2.33,207.2,20,7,0.026737494
48.3,1,29.5711,4.01,2.33,207.2,20,7,0.026737494
48.3,1,39.5034,4.01,2.33,207.2,20,7,0.026737494
48.3,1,49.5485,4.01,2.33,207.2,20,7,0.026737494
48.3,1,9.81941,4.19,1.9,63.55,20,7,-0.159768405
48.3,1,19.6388,4.19,1.9,63.55,20,7,-0.159768405
48.3,1,29.684,4.19,1.9,63.55,20,7,-0.159768405
48.3,1,39.5034,4.19,1.9,63.55,20,7,-0.159768405
48.3,1,49.5485,4.19,1.9,63.55,20,7,-0.159768405
48.3,1,9.81941,4.26,1.6,112.41,20,7,-0.218531857
48.3,1,19.7517,4.26,1.6,112.41,20,7,-0.218531857
48.3,1,29.684,4.26,1.6,112.41,20,7,-0.218531857
48.3,1,39.6163,4.26,1.6,112.41,20,7,-0.218531857
48.3,1,49.6614,4.26,1.6,112.41,20,7,-0.218531857
48.3,1,9.93228,4.04,1.91,58.69,20,7,-0.229295232
48.3,1,19.8646,4.04,1.91,58.69,20,7,-0.229295232
48.3,1,29.684,4.04,1.91,58.69,20,7,-0.229295232
48.3,1,39.7291,4.04,1.91,58.69,20,7,-0.229295232
48.3,1,49.8871,4.04,1.91,58.69,20,7,-0.229295232
,1,50,4.01,2.33,207.2,25,5,2.38734643
,1,100,4.01,2.33,207.2,25,5,2.38734643
,1,150,4.01,2.33,207.2,25,5,2.38734643
,1,200,4.01,2.33,207.2,25,5,2.38734643
,1,250,4.01,2.33,207.2,25,5,2.38734643
1000,12.5,4.52196,4.01,2.33,207.2,25,5,-0.619969752
1000,12.5,9.04393,4.01,2.33,207.2,25,5,-0.619969752
1000,12.5,20.0258,4.01,2.33,207.2,25,5,-0.619969752
1000,12.5,43.2817,4.01,2.33,207.2,25,5,-0.619969752
1000,12.5,65.2455,4.01,2.33,207.2,25,5,-0.619969752
1000,12.5,111.757,4.01,2.33,207.2,25,5,-0.619969752
1000,12.5,179.587,4.01,2.33,207.2,25,5,-0.619969752
1000,12.5,226.098,4.01,2.33,207.2,25,5,-0.619969752
1000,12.5,5.68182,4.01,2.33,207.2,5,5,-0.412143172
1000,12.5,10.2273,4.01,2.33,207.2,5,5,-0.412143172
1000,12.5,20.4545,4.01,2.33,207.2,5,5,-0.412143172
1000,12.5,43.1818,4.01,2.33,207.2,5,5,-0.412143172
1000,12.5,65.9091,4.01,2.33,207.2,5,5,-0.412143172
1000,12.5,110.227,4.01,2.33,207.2,5,5,-0.412143172
1000,12.5,179.545,4.01,2.33,207.2,5,5,-0.412143172
1000,12.5,225,4.01,2.33,207.2,5,5,-0.412143172
1000,12.5,5.68182,4.01,2.33,207.2,45,5,-0.5986684
1000,12.5,11.3636,4.01,2.33,207.2,45,5,-0.5986684
1000,12.5,21.5909,4.01,2.33,207.2,45,5,-0.5986684
1000,12.5,44.3182,4.01,2.33,207.2,45,5,-0.5986684
1000,12.5,67.0455,4.01,2.33,207.2,45,5,-0.5986684
1000,12.5,112.5,4.01,2.33,207.2,45,5,-0.5986684
1000,12.5,180.682,4.01,2.33,207.2,45,5,-0.5986684
1000,12.5,226.136,4.01,2.33,207.2,45,5,-0.5986684
1000,12.5,5.12821,4.01,2.33,207.2,25,5,-0.317223354
1000,12.5,10.2564,4.01,2.33,207.2,25,5,-0.317223354
1000,12.5,19.8718,4.01,2.33,207.2,25,5,-0.317223354
1000,12.5,41.0256,4.01,2.33,207.2,25,5,-0.317223354
1000,12.5,64.1026,4.01,2.33,207.2,25,5,-0.317223354
1000,12.5,110.256,4.01,2.33,207.2,25,5,-0.317223354
1000,12.5,178.205,4.01,2.33,207.2,25,5,-0.317223354
1000,12.5,223.718,4.01,2.33,207.2,25,5,-0.317223354
1000,12.5,3.40909,4.01,2.33,207.2,5,5,-0.079297653
1000,12.5,9.09091,4.01,2.33,207.2,5,5,-0.079297653
1000,12.5,19.3182,4.01,2.33,207.2,5,5,-0.079297653
1000,12.5,40.9091,4.01,2.33,207.2,5,5,-0.079297653
1000,12.5,62.5,4.01,2.33,207.2,5,5,-0.079297653
1000,12.5,106.818,4.01,2.33,207.2,5,5,-0.079297653
1000,12.5,175,4.01,2.33,207.2,5,5,-0.079297653
1000,12.5,219.318,4.01,2.33,207.2,5,5,-0.079297653
1000,12.5,4.54545,4.01,2.33,207.2,45,5,-0.368018769
1000,12.5,10.2273,4.01,2.33,207.2,45,5,-0.368018769
1000,12.5,21.5909,4.01,2.33,207.2,45,5,-0.368018769
1000,12.5,43.1818,4.01,2.33,207.2,45,5,-0.368018769
1000,12.5,65.9091,4.01,2.33,207.2,45,5,-0.368018769
1000,12.5,111.364,4.01,2.33,207.2,45,5,-0.368018769
1000,12.5,178.409,4.01,2.33,207.2,45,5,-0.368018769
1000,12.5,225,4.01,2.33,207.2,45,5,-0.368018769
6.3,1,9.96678,4.01,2.33,207.2,25,,0.680335513
6.3,1,20.2658,4.01,2.33,207.2,25,,0.680335513
6.3,1,49.8339,4.01,2.33,207.2,25,,0.680335513
6.3,1,100,4.01,2.33,207.2,25,,0.680335513
85.4,1,5.64784,4.01,2.33,207.2,25,,0.235528447
85.4,1,20.2658,4.01,2.33,207.2,25,,0.235528447
85.4,1,49.8339,4.01,2.33,207.2,25,,0.235528447
85.4,1,100,4.01,2.33,207.2,25,,0.235528447
286.7,1,4.98339,4.01,2.33,207.2,25,,0.348304863
286.7,1,9.96678,4.01,2.33,207.2,25,,0.348304863
286.7,1,19.9336,4.01,2.33,207.2,25,,0.348304863
286.7,1,49.8339,4.01,2.33,207.2,25,,0.348304863
286.7,1,100,4.01,2.33,207.2,25,,0.348304863
1,2,27.54604,4.19,1.9,63.55,20,6,1.517195898
1,2,94.0593,4.19,1.9,63.55,20,6,1.517195898
1,2,122.129,4.19,1.9,63.55,20,6,1.517195898
1,2,147.7384,4.19,1.9,63.55,20,6,1.517195898
1,2,173.7226,4.19,1.9,63.55,20,6,1.517195898
1,2,223.23,4.19,1.9,63.55,20,6,1.517195898
1,2,95.075,4.19,1.9,63.55,30,6,1.586587305
1,2,123.9481,4.19,1.9,63.55,30,6,1.586587305
1,2,151.2144,4.19,1.9,63.55,30,6,1.586587305
1,2,179.23,4.19,1.9,63.55,30,6,1.586587305
1,2,229.862,4.19,1.9,63.55,30,6,1.586587305
1,2,25.46048,4.19,1.9,63.55,40,6,1.756636108
1,2,129.4556,4.19,1.9,63.55,40,6,1.756636108
1,2,158.8616,4.19,1.9,63.55,40,6,1.756636108
1,2,190.0322,4.19,1.9,63.55,40,6,1.756636108
1,2,240.2898,4.19,1.9,63.55,40,6,1.756636108
1,2,37.86408,4.26,1.6,112.41,20,6,2.531095547
1,2,71.165,4.26,1.6,112.41,20,6,2.531095547
1,2,108.8538,4.26,1.6,112.41,20,6,2.531095547
1,2,138.8347,4.26,1.6,112.41,20,6,2.531095547
1,2,175.6087,4.26,1.6,112.41,20,6,2.531095547
1,2,213.913,4.26,1.6,112.41,20,6,2.531095547
1,2,35.6624,4.26,1.6,112.41,30,6,2.585347911
1,2,72.8346,4.26,1.6,112.41,30,6,2.585347911
1,2,110.3634,4.26,1.6,112.41,30,6,2.585347911
1,2,145.271,4.26,1.6,112.41,30,6,2.585347911
1,2,180.9129,4.26,1.6,112.41,30,6,2.585347911
1,2,224.1235,4.26,1.6,112.41,30,6,2.585347911
1,2,36.8152,4.26,1.6,112.41,40,6,2.710625015
1,2,73.1914,4.26,1.6,112.41,40,6,2.710625015
1,2,111.873,4.26,1.6,112.41,40,6,2.710625015
1,2,151.3094,4.26,1.6,112.41,40,6,2.710625015
1,2,186.5945,4.26,1.6,112.41,40,6,2.710625015
1,2,229.4071,4.26,1.6,112.41,40,6,2.710625015
1,2,37.3936,4.01,2.33,207.2,20,6,2.101059355
1,2,79.3311,4.01,2.33,207.2,20,6,2.101059355
1,2,113.4274,4.01,2.33,207.2,20,6,2.101059355
1,2,143.8397,4.01,2.33,207.2,20,6,2.101059355
1,2,176.7203,4.01,2.33,207.2,20,6,2.101059355
1,2,210.4114,4.01,2.33,207.2,20,6,2.101059355
1,2,38.2226,4.01,2.33,207.2,30,6,2.179838928
1,2,80.584,4.01,2.33,207.2,30,6,2.179838928
1,2,116.7309,4.01,2.33,207.2,30,6,2.179838928
1,2,145.4852,4.01,2.33,207.2,30,6,2.179838928
1,2,186.5938,4.01,2.33,207.2,30,6,2.179838928
1,2,221.5252,4.01,2.33,207.2,30,6,2.179838928
1,2,38.634,4.01,2.33,207.2,40,6,2.377670439
1,2,80.9705,4.01,2.33,207.2,40,6,2.377670439
1,2,117.1361,4.01,2.33,207.2,40,6,2.377670439
1,2,150.422,4.01,2.33,207.2,40,6,2.377670439
1,2,196.8786,4.01,2.33,207.2,40,6,2.377670439
1,2,231.3923,4.01,2.33,207.2,40,6,2.377670439
25,0.5,60,4.01,2.33,207.2,45,5.6,2.342027688
25,0.5,80,4.01,2.33,207.2,45,5.6,2.342027688
25,0.5,100,4.01,2.33,207.2,45,5.6,2.342027688
25,0.5,120,4.01,2.33,207.2,45,5.6,2.342027688
25,0.5,140,4.01,2.33,207.2,45,5.6,2.342027688
25,0.5,160,4.01,2.33,207.2,45,5.6,2.342027688
25,0.5,180,4.01,2.33,207.2,45,5.6,2.342027688
0.5,0.1,15.21525,3.75,1.6,51.996,25,4,1.938719815
0.5,0.1,27.0795,3.75,1.6,51.996,25,4,1.938719815
0.5,0.1,79.04415,3.75,1.6,51.996,25,4,1.938719815
0.5,0.1,108.68619,3.75,1.6,51.996,25,4,1.938719815
0.5,0.1,306.71524,3.75,1.6,51.996,25,4,1.938719815
0.5,0.1,709.33891,3.75,1.6,51.996,25,4,1.938719815
0.00035,2,50,4.04,1.91,58.69,30,6,2.281487888
0.00035,2,100,4.04,1.91,58.69,30,6,2.281487888
0.00035,2,150,4.04,1.91,58.69,30,6,2.281487888
0.00035,2,200,4.04,1.91,58.69,30,6,2.281487888
0.00035,2,250,4.04,1.91,58.69,30,6,2.281487888
0.00035,2,300,4.04,1.91,58.69,30,6,2.281487888
0.00035,2,50,4.3,1.6,65.93,30,6,2.392872745
0.00035,2,100,4.3,1.6,65.93,30,6,2.392872745
0.00035,2,150,4.3,1.6,65.93,30,6,2.392872745
0.00035,2,200,4.3,1.6,65.93,30,6,2.392872745
0.00035,2,250,4.3,1.6,65.93,30,6,2.392872745
0.00035,2,300,4.3,1.6,65.93,30,6,2.392872745
,3,50,4.01,2.33,207.2,25,5,2.063558518
,3,100,4.01,2.33,207.2,25,5,2.063558518
,3,200,4.01,2.33,207.2,25,5,2.063558518
,3,300,4.01,2.33,207.2,25,5,2.063558518
,3,400,4.01,2.33,207.2,25,5,2.063558518
,3,500,4.01,2.33,207.2,25,5,2.063558518
100,1,10.6143067,4.19,1.9,63.55,15,7,2.525666634
100,1,32.295979,4.19,1.9,63.55,15,7,2.525666634
100,1,43.120803,4.19,1.9,63.55,15,7,2.525666634
100,1,54.173843,4.19,1.9,63.55,15,7,2.525666634
100,1,76.252112,4.19,1.9,63.55,15,7,2.525666634
100,1,98.10291,4.19,1.9,63.55,15,7,2.525666634
100,1,10.6345315,4.19,1.9,63.55,25,7,2.553312489
100,1,31.651042,4.19,1.9,63.55,25,7,2.553312489
100,1,42.707352,4.19,1.9,63.55,25,7,2.553312489
100,1,53.526278,4.19,1.9,63.55,25,7,2.553312489
100,1,75.838661,4.19,1.9,63.55,25,7,2.553312489
100,1,97.68366,4.19,1.9,63.55,25,7,2.553312489
100,1,10.4240135,4.19,1.9,63.55,35,7,2.654590417
100,1,31.25023,4.19,1.9,63.55,35,7,2.654590417
100,1,42.080954,4.19,1.9,63.55,35,7,2.654590417
100,1,52.902408,4.19,1.9,63.55,35,7,2.654590417
100,1,74.984791,4.19,1.9,63.55,35,7,2.654590417
100,1,97.058847,4.19,1.9,63.55,35,7,2.654590417
100,1,10.7204339,4.3,1.6,65.93,15,7,2.20379414
100,1,32.6254017,4.3,1.6,65.93,15,7,2.20379414
100,1,43.7781463,4.3,1.6,65.93,15,7,2.20379414
100,1,54.930891,4.3,1.6,65.93,15,7,2.20379414
100,1,76.9836757,4.3,1.6,65.93,15,7,2.20379414
100,1,99.2671955,4.3,1.6,65.93,15,7,2.20379414
100,1,10.9695435,4.3,1.6,65.93,25,7,2.324344199
100,1,32.6363864,4.3,1.6,65.93,25,7,2.324344199
100,1,43.7964209,4.3,1.6,65.93,25,7,2.324344199
100,1,54.9577203,4.3,1.6,65.93,25,7,2.324344199
100,1,77.020225,4.3,1.6,65.93,25,7,2.324344199
100,1,99.311134,4.3,1.6,65.93,25,7,2.324344199
100,1,10.5811718,4.3,1.6,65.93,35,7,2.503000338
100,1,32.25161,4.3,1.6,65.93,35,7,2.503000338
100,1,43.441003,4.3,1.6,65.93,35,7,2.503000338
100,1,54.392272,4.3,1.6,65.93,35,7,2.503000338
100,1,76.237456,4.3,1.6,65.93,35,7,2.503000338
100,1,98.531961,4.3,1.6,65.93,35,7,2.503000338
0.035,5,10,4.3,1.6,65.93,30,5,0.772101569
0.035,5,20,4.3,1.6,65.93,30,5,0.772101569
0.035,5,30,4.3,1.6,65.93,30,5,0.772101569
,1,10,4.01,2.33,207.2,25,3,2.747147577
,1,50,4.01,2.33,207.2,25,3,2.747147577
,1,100,4.01,2.33,207.2,25,3,2.747147577
,1,200,4.01,2.33,207.2,25,3,2.747147577
,1,300,4.01,2.33,207.2,25,3,2.747147577
,1,400,4.01,2.33,207.2,25,3,2.747147577
,1,500,4.01,2.33,207.2,25,3,2.747147577
,1,600,4.01,2.33,207.2,25,3,2.747147577
,1,700,4.01,2.33,207.2,25,3,2.747147577
,1,800,4.01,2.33,207.2,25,3,2.747147577
,1,900,4.01,2.33,207.2,25,3,2.747147577
,1,1000,4.01,2.33,207.2,25,3,2.747147577
48,2,5,3.75,1.6,51.996,25,5,-0.863279433
48,2,10,3.75,1.6,51.996,25,5,-0.863279433
48,2,20,3.75,1.6,51.996,25,5,-0.863279433
48,2,1,3.75,1.6,51.996,25,5,-0.863279433
48,2,1,3.75,1.6,51.996,25,5,-0.863279433
48,2,1,3.75,1.6,51.996,25,5,-0.863279433
48,2,1,3.75,1.6,51.996,25,5,-0.863279433
500,2,5,3.75,1.6,51.996,25,5,-0.943095149
500,2,10,3.75,1.6,51.996,25,5,-0.943095149
500,2,20,3.75,1.6,51.996,25,5,-0.943095149
500,2,1,3.75,1.6,51.996,25,5,-0.943095149
500,2,1,3.75,1.6,51.996,25,5,-0.943095149
500,2,1,3.75,1.6,51.996,25,5,-0.943095149
500,2,1,3.75,1.6,51.996,25,5,-0.943095149
1000,2,5,3.75,1.6,51.996,25,5,0.31868927
1000,2,10,3.75,1.6,51.996,25,5,0.31868927
1000,2,20,3.75,1.6,51.996,25,5,0.31868927
1000,2,1,3.75,1.6,51.996,25,5,0.31868927
1000,2,1,3.75,1.6,51.996,25,5,0.31868927
1000,2,1,3.75,1.6,51.996,25,5,0.31868927
1000,2,1,3.75,1.6,51.996,25,5,0.31868927
75,0.5,4.84848,4.19,1.9,63.55,25,,0.910132744
75,0.5,8.18182,4.19,1.9,63.55,25,,0.910132744
75,0.5,14.0152,4.19,1.9,63.55,25,,0.910132744
75,0.5,17.2727,4.19,1.9,63.55,25,,0.910132744
75,0.5,2.95276,4.19,1.9,63.55,25,,0.586388114
75,0.5,4.72441,4.19,1.9,63.55,25,,0.586388114
75,0.5,8.56299,4.19,1.9,63.55,25,,0.586388114
75,0.5,14.2323,4.19,1.9,63.55,25,,0.586388114
,2.5,40.27158,4.3,1.6,65.93,25,7,1.561578368
,2.5,60.07545,4.3,1.6,65.93,25,7,1.561578368
,2.5,79.9726,4.3,1.6,65.93,25,7,1.561578368
,2.5,99.89655,4.3,1.6,65.93,25,7,1.561578368
,2.5,149.7932,4.3,1.6,65.93,25,7,1.561578368
,2.5,199.77025,4.3,1.6,65.93,25,7,1.561578368
,2.5,249.813,4.3,1.6,65.93,25,7,1.561578368
,2.5,300.68075,4.3,1.6,65.93,25,7,1.561578368
,2.5,39.88325,4.26,1.6,112.41,25,7,1.602168551
,2.5,59.9637,4.26,1.6,112.41,25,7,1.602168551
,2.5,79.64955,4.26,1.6,112.41,25,7,1.602168551
,2.5,99.9091,4.26,1.6,112.41,25,7,1.602168551
,2.5,149.95675,4.26,1.6,112.41,25,7,1.602168551
,2.5,200.2825,4.26,1.6,112.41,25,7,1.602168551
,2.5,250.3125,4.26,1.6,112.41,25,7,1.602168551
,2.5,301.3905,4.26,1.6,112.41,25,7,1.602168551
69.86,20,5.82819,4.19,1.9,63.55,25,6,-0.48945499
204.7,20,0.5,4.19,1.9,63.55,25,6,-2.072629637
204.7,20,2.14286,4.19,1.9,63.55,25,6,-2.072629637
204.7,20,4.64286,4.19,1.9,63.55,25,6,-2.072629637
192,20,0.607143,4.19,1.9,63.55,25,6,-2.081969663
192,20,2.07143,4.19,1.9,63.55,25,6,-2.081969663
192,20,4.60714,4.19,1.9,63.55,25,6,-2.081969663
350.8,20,0.5,4.19,1.9,63.55,25,6,-2.059981845
350.8,20,0.928571,4.19,1.9,63.55,25,6,-2.059981845
350.8,20,4.60714,4.19,1.9,63.55,25,6,-2.059981845
137.8,20,0.5,4.19,1.9,63.55,25,6,-2.201349355
137.8,20,0.928571,4.19,1.9,63.55,25,6,-2.201349355
137.8,20,4.64286,4.19,1.9,63.55,25,6,-2.201349355
74.76,20,0.477974,4.19,1.9,63.55,25,6,-1.387216143
74.76,20,1.0022,4.19,1.9,63.55,25,6,-1.387216143
74.76,20,2.01982,4.19,1.9,63.55,25,6,-1.387216143
74.76,20,5.08811,4.19,1.9,63.55,25,6,-1.387216143
74.76,20,0.356164,4.19,1.9,63.55,25,8,-1.162032982
74.76,20,0.794521,4.19,1.9,63.55,25,8,-1.162032982
74.76,20,1.67123,4.19,1.9,63.55,25,8,-1.162032982
74.76,20,4.32877,4.19,1.9,63.55,25,8,-1.162032982
240,3,44.0137,4.19,1.9,63.55,25,5,1.223028427
240,3,60.64825,4.19,1.9,63.55,25,5,1.223028427
240,3,77.12072,4.19,1.9,63.55,25,5,1.223028427
240,3,96.10311,4.19,1.9,63.55,25,5,1.223028427
240,3,130.3443,4.19,1.9,63.55,25,5,1.223028427
240,3,167.4971,4.19,1.9,63.55,25,5,1.223028427
240,3,30.57302,4.3,1.6,65.93,25,5,1.104691919
240,3,45.87939,4.3,1.6,65.93,25,5,1.104691919
240,3,61.24731,4.3,1.6,65.93,25,5,1.104691919
240,3,76.57537,4.3,1.6,65.93,25,5,1.104691919
240,3,91.94847,4.3,1.6,65.93,25,5,1.104691919
240,3,122.4928,4.3,1.6,65.93,25,5,1.104691919
240,3,153.17543,4.3,1.6,65.93,25,5,1.104691919
240,3,39.55899,4.04,1.91,58.69,25,5,1.023869501
240,3,55.08128,4.04,1.91,58.69,25,5,1.023869501
240,3,69.04121,4.04,1.91,58.69,25,5,1.023869501
240,3,87.68028,4.04,1.91,58.69,25,5,1.023869501
240,3,115.06266,4.04,1.91,58.69,25,5,1.023869501
240,3,140.23321,4.04,1.91,58.69,25,5,1.023869501
0.17,0.5,51.11017,4.26,1.6,112.41,25,5,2.92331662
0.17,0.5,101.6788,4.26,1.6,112.41,25,5,2.92331662
0.17,0.5,198.9823,4.26,1.6,112.41,25,5,2.92331662
0.17,0.5,501.1625,4.26,1.6,112.41,25,5,2.92331662
0.17,0.5,800.9105,4.26,1.6,112.41,25,5,2.92331662
0.17,0.5,999.8575,4.26,1.6,112.41,25,5,2.92331662
0.17,0.5,49.8681,4.26,1.6,112.41,35,5,2.912966544
0.17,0.5,99.94,4.26,1.6,112.41,35,5,2.912966544
0.17,0.5,202.097,4.26,1.6,112.41,35,5,2.912966544
0.17,0.5,499.242,4.26,1.6,112.41,35,5,2.912966544
0.17,0.5,800.1875,4.26,1.6,112.41,35,5,2.912966544
0.17,0.5,999.1575,4.26,1.6,112.41,35,5,2.912966544
0.17,0.5,50.13877,4.26,1.6,112.41,45,5,2.91679679
0.17,0.5,100.4591,4.26,1.6,112.41,45,5,2.91679679
0.17,0.5,201.6222,4.26,1.6,112.41,45,5,2.91679679
0.17,0.5,500.369,4.26,1.6,112.41,45,5,2.91679679
0.17,0.5,800.0055,4.26,1.6,112.41,45,5,2.91679679
0.17,0.5,1000.218,4.26,1.6,112.41,45,5,2.91679679
0.17,0.5,50.86695,4.04,1.91,58.69,25,5,2.526747426
0.17,0.5,101.0952,4.04,1.91,58.69,25,5,2.526747426
0.17,0.5,199.351,4.04,1.91,58.69,25,5,2.526747426
0.17,0.5,500.0095,4.04,1.91,58.69,25,5,2.526747426
0.17,0.5,800.563,4.04,1.91,58.69,25,5,2.526747426
0.17,0.5,1000.7105,4.04,1.91,58.69,25,5,2.526747426
0.17,0.5,51.57355,4.04,1.91,58.69,35,5,2.524030304
0.17,0.5,99.7875,4.04,1.91,58.69,35,5,2.524030304
0.17,0.5,200.924,4.04,1.91,58.69,35,5,2.524030304
0.17,0.5,499.422,4.04,1.91,58.69,35,5,2.524030304
0.17,0.5,799.816,4.04,1.91,58.69,35,5,2.524030304
0.17,0.5,1001.0435,4.04,1.91,58.69,35,5,2.524030304
0.17,0.5,48.13235,4.04,1.91,58.69,45,5,2.532733222
0.17,0.5,99.5872,4.04,1.91,58.69,45,5,2.532733222
0.17,0.5,199.2556,4.04,1.91,58.69,45,5,2.532733222
0.17,0.5,499.0205,4.04,1.91,58.69,45,5,2.532733222
0.17,0.5,800.8685,4.04,1.91,58.69,45,5,2.532733222
0.17,0.5,999.389,4.04,1.91,58.69,45,5,2.532733222
,1,20,4.01,2.33,207.2,25,6,2.056523724
,1,40,4.01,2.33,207.2,25,6,2.056523724
,1,60,4.01,2.33,207.2,25,6,2.056523724
,1,80,4.01,2.33,207.2,25,6,2.056523724
,1,100,4.01,2.33,207.2,25,6,2.056523724
,1,120,4.01,2.33,207.2,25,6,2.056523724
,1,140,4.01,2.33,207.2,25,6,2.056523724
,1,160,4.01,2.33,207.2,25,6,2.056523724
,1,20,4.26,1.6,112.41,25,6,1.756636108
,1,40,4.26,1.6,112.41,25,6,1.756636108
,1,60,4.26,1.6,112.41,25,6,1.756636108
,1,80,4.26,1.6,112.41,25,6,1.756636108
,1,100,4.26,1.6,112.41,25,6,1.756636108
,1,120,4.26,1.6,112.41,25,6,1.756636108
,1,20,4.19,1.9,63.55,25,6,1.614897216
,1,40,4.19,1.9,63.55,25,6,1.614897216
,1,60,4.19,1.9,63.55,25,6,1.614897216
,1,80,4.19,1.9,63.55,25,6,1.614897216
,1,100,4.19,1.9,63.55,25,6,1.614897216
,5,0.5069665,4.01,2.33,207.2,25,5,1.204391332
,5,8.925635,4.01,2.33,207.2,25,5,1.204391332
,5,39.0666,4.01,2.33,207.2,25,5,1.204391332
,5,65.56985,4.01,2.33,207.2,25,5,1.204391332
,5,84.2991,4.01,2.33,207.2,25,5,1.204391332
,5,107.0723,4.01,2.33,207.2,25,5,1.204391332
,5,139.5248,4.01,2.33,207.2,25,5,1.204391332
,5,153.048,4.01,2.33,207.2,25,5,1.204391332
,5,0.7251975,4.19,1.9,63.55,25,5,0.718501689
,5,10.60938,4.19,1.9,63.55,25,5,0.718501689
,5,32.41565,4.19,1.9,63.55,25,5,0.718501689
,5,45.4188,4.19,1.9,63.55,25,5,0.718501689
,5,55.40875,4.19,1.9,63.55,25,5,0.718501689
,5,72.37195,4.19,1.9,63.55,25,5,0.718501689
,5,109.13885,4.19,1.9,63.55,25,5,0.718501689
,5,1.161658,4.3,1.6,65.93,25,5,0.36361198
,5,28.91385,4.3,1.6,65.93,25,5,0.36361198
,5,37.1882,4.3,1.6,65.93,25,5,0.36361198
,5,48.4355,4.3,1.6,65.93,25,5,0.36361198
,5,59.90095,4.3,1.6,65.93,25,5,0.36361198
,5,85.79485,4.3,1.6,65.93,25,5,0.36361198
,2,78.9887,4.19,1.9,63.55,20,5.5,2.202106711
,2,150.95,4.19,1.9,63.55,20,5.5,2.202106711
,2,218.0098,4.19,1.9,63.55,20,5.5,2.202106711
,2,286.8774,4.19,1.9,63.55,20,5.5,2.202106711
,2,346.3874,4.19,1.9,63.55,20,5.5,2.202106711
,2,405.58,4.19,1.9,63.55,20,5.5,2.202106711
,2,463.026,4.19,1.9,63.55,20,5.5,2.202106711
,2,79.9564,4.19,1.9,63.55,30,5.5,2.209809806
,2,158.7541,4.19,1.9,63.55,30,5.5,2.209809806
,2,228.7168,4.19,1.9,63.55,30,5.5,2.209809806
,2,298.87,4.19,1.9,63.55,30,5.5,2.209809806
,2,358.126,4.19,1.9,63.55,30,5.5,2.209809806
,2,417.445,4.19,1.9,63.55,30,5.5,2.209809806
,2,473.798,4.19,1.9,63.55,30,5.5,2.209809806
,2,89.632,4.19,1.9,63.55,40,5.5,2.214764397
,2,166.6856,4.19,1.9,63.55,40,5.5,2.214764397
,2,237.6794,4.19,1.9,63.55,40,5.5,2.214764397
,2,308.674,4.19,1.9,63.55,40,5.5,2.214764397
,2,367.088,4.19,1.9,63.55,40,5.5,2.214764397
,2,424.282,4.19,1.9,63.55,40,5.5,2.214764397
,2,483.536,4.19,1.9,63.55,40,5.5,2.214764397
,1,10.1303,4.01,2.33,207.2,25,7,2.301029996
,1,19.7275,4.01,2.33,207.2,25,7,2.301029996
,1,39.9882,4.01,2.33,207.2,25,7,2.301029996
,1,99.7038,4.01,2.33,207.2,25,7,2.301029996
,1,199.941,4.01,2.33,207.2,25,7,2.301029996
0.1521,6,10,4.01,2.33,207.2,30,5,1.153509989
0.1521,6,20,4.01,2.33,207.2,30,5,1.153509989
0.1521,6,30,4.01,2.33,207.2,30,5,1.153509989
0.1521,6,40,4.01,2.33,207.2,30,5,1.153509989
0.1521,6,50,4.01,2.33,207.2,30,5,1.153509989
,1,10.95416,4.01,2.33,207.2,25,5,2.459304233
,1,21.1774,4.01,2.33,207.2,25,5,2.459304233
,1,40.7044,4.01,2.33,207.2,25,5,2.459304233
,1,100.4969,4.01,2.33,207.2,25,5,2.459304233
,1,199.57,4.01,2.33,207.2,25,5,2.459304233
720,0.5,8.972195,4.01,2.33,207.2,25,6,0.966108866
720,0.5,18.86674,4.01,2.33,207.2,25,6,0.966108866
720,0.5,28.39641,4.01,2.33,207.2,25,6,0.966108866
720,0.5,41.863885,4.01,2.33,207.2,25,6,0.966108866
720,0.5,48.746075,4.01,2.33,207.2,25,6,0.966108866
720,0.5,9.35827,4.01,2.33,207.2,25,6,1.225223966
720,0.5,19.24095,4.01,2.33,207.2,25,6,1.225223966
720,0.5,28.62315,4.01,2.33,207.2,25,6,1.225223966
720,0.5,42.1724,4.01,2.33,207.2,25,6,1.225223966
720,0.5,48.8932,4.01,2.33,207.2,25,6,1.225223966
216,3.3,2.504646,4.19,1.9,63.55,25,6.5,-0.342944147
216,3.3,4.8853606,4.19,1.9,63.55,25,6.5,-0.342944147
216,3.3,7.4062923,4.19,1.9,63.55,25,6.5,-0.342944147
216,3.3,9.9806974,4.19,1.9,63.55,25,6.5,-0.342944147
216,3.3,14.9644976,4.19,1.9,63.55,25,6.5,-0.342944147
216,3.3,20.0265475,4.19,1.9,63.55,25,6.5,-0.342944147
216,3.3,29.9895182,4.19,1.9,63.55,25,6.5,-0.342944147
216,3.3,39.8657319,4.19,1.9,63.55,25,6.5,-0.342944147
216,3.3,49.9193371,4.19,1.9,63.55,25,6.5,-0.342944147
150,3.3,2.4101106,4.19,1.9,63.55,25,6.5,-0.283162277
150,3.3,5.0464864,4.19,1.9,63.55,25,6.5,-0.283162277
150,3.3,7.5178422,4.19,1.9,63.55,25,6.5,-0.283162277
150,3.3,9.9768065,4.19,1.9,63.55,25,6.5,-0.283162277
150,3.3,15.0102026,4.19,1.9,63.55,25,6.5,-0.283162277
150,3.3,19.9071525,4.19,1.9,63.55,25,6.5,-0.283162277
150,3.3,29.9073076,4.19,1.9,63.55,25,6.5,-0.283162277
150,3.3,39.9980972,4.19,1.9,63.55,25,6.5,-0.283162277
150,3.3,49.7712783,4.19,1.9,63.55,25,6.5,-0.283162277
250,0.4,5.513048,4.01,2.33,207.2,20,6,1.470410491
250,0.4,10.4794,4.01,2.33,207.2,20,6,1.470410491
250,0.4,21.44598,4.01,2.33,207.2,20,6,1.470410491
250,0.4,29.90198,4.01,2.33,207.2,20,6,1.470410491
250,0.4,34.97496,4.01,2.33,207.2,20,6,1.470410491
250,0.4,40.32072,4.01,2.33,207.2,20,6,1.470410491
300,0.2,19.7161,4.01,2.33,207.2,25,6,1.946894195
300,0.2,41.0095,4.01,2.33,207.2,25,6,1.946894195
300,0.2,60.7256,4.01,2.33,207.2,25,6,1.946894195
300,0.2,80.4416,4.01,2.33,207.2,25,6,1.946894195
300,0.2,100.158,4.01,2.33,207.2,25,6,1.946894195
300,0.2,150.631,4.01,2.33,207.2,25,6,1.946894195
300,0.2,200.315,4.01,2.33,207.2,25,6,1.946894195
300,0.2,19.7161,4.19,1.9,63.55,25,6,1.886039276
300,0.2,40.2208,4.19,1.9,63.55,25,6,1.886039276
300,0.2,60.7256,4.19,1.9,63.55,25,6,1.886039276
300,0.2,80.4416,4.19,1.9,63.55,25,6,1.886039276
300,0.2,100.158,4.19,1.9,63.55,25,6,1.886039276
300,0.2,150.631,4.19,1.9,63.55,25,6,1.886039276
300,0.2,201.104,4.19,1.9,63.55,25,6,1.886039276
0.5,0.5,39.04526607,3.75,1.6,51.996,25,2.5,1.817212039
0.5,0.5,59.24864459,3.75,1.6,51.996,25,2.5,1.817212039
0.5,0.5,79.24134802,3.75,1.6,51.996,25,2.5,1.817212039
0.5,0.5,99.29443648,3.75,1.6,51.996,25,2.5,1.817212039
0.5,0.5,119.8910146,3.75,1.6,51.996,25,2.5,1.817212039
0.5,0.5,19.71171782,4.26,1.6,112.41,25,2.5,1.520139367
0.5,0.5,31.53778533,4.26,1.6,112.41,25,2.5,1.520139367
0.5,0.5,41.31652893,4.26,1.6,112.41,25,2.5,1.520139367
0.5,0.5,51.38743051,4.26,1.6,112.41,25,2.5,1.520139367
0.5,0.5,60.59460028,4.26,1.6,112.41,25,2.5,1.520139367
160,6.6,2.19131,4.19,1.9,63.55,25,7,0.002166062
160,6.6,6.17147,4.19,1.9,63.55,25,7,0.002166062
160,6.6,11.4928,4.19,1.9,63.55,25,7,0.002166062
160,6.6,25.27022,4.19,1.9,63.55,25,7,0.002166062
160,6.6,38.08206,4.19,1.9,63.55,25,7,-0.040958608
160,6.6,2.184693,4.19,1.9,63.55,25,7,-0.040958608
160,6.6,6.12587,4.19,1.9,63.55,25,7,-0.040958608
160,6.6,11.51195,4.19,1.9,63.55,25,7,-0.040958608
160,6.6,24.94274,4.19,1.9,63.55,25,7,-0.040958608
160,6.6,38.01202,4.19,1.9,63.55,25,7,-0.040958608
160,6.6,2.20976,4.19,1.9,63.55,25,7,-0.047207557
160,6.6,6.16347,4.19,1.9,63.55,25,7,-0.047207557
160,6.6,11.54032,4.19,1.9,63.55,25,7,-0.047207557
160,6.6,25.33282,4.19,1.9,63.55,25,7,-0.047207557
160,6.6,38.03378,4.19,1.9,63.55,25,7,-0.047207557
160,6.6,2.24144,4.19,1.9,63.55,25,7,-0.057495894
160,6.6,5.89019,4.19,1.9,63.55,25,7,-0.057495894
160,6.6,11.45712,4.19,1.9,63.55,25,7,-0.057495894
160,6.6,25.27538,4.19,1.9,63.55,25,7,-0.057495894
160,6.6,37.99552,4.19,1.9,63.55,25,7,-0.057495894
160,6.6,2.184,4.19,1.9,63.55,25,7,-0.014124643
160,6.6,6.27104,4.19,1.9,63.55,25,7,-0.014124643
160,6.6,11.58053,4.19,1.9,63.55,25,7,-0.014124643
160,6.6,25.8397,4.19,1.9,63.55,25,7,-0.014124643
160,6.6,38.02654,4.19,1.9,63.55,25,7,-0.014124643
1,1,42.8572,4.19,1.9,63.55,20,5,1.705949195
1,1,95.2172,4.19,1.9,63.55,20,5,1.705949195
1,1,150.4348,4.19,1.9,63.55,20,5,1.705949195
1,1,206.1427,4.19,1.9,63.55,20,5,1.705949195
1,1,254.4969,4.19,1.9,63.55,20,5,1.705949195
1,1,43.07663,4.19,1.9,63.55,30,5,1.839540893
1,1,95.371,4.19,1.9,63.55,30,5,1.839540893
1,1,150.3843,4.19,1.9,63.55,30,5,1.839540893
1,1,206.1657,4.19,1.9,63.55,30,5,1.839540893
1,1,254.7678,4.19,1.9,63.55,30,5,1.839540893
1,1,43.6177,4.19,1.9,63.55,40,5,1.894980291
1,1,95.2834,4.19,1.9,63.55,40,5,1.894980291
1,1,150.1657,4.19,1.9,63.55,40,5,1.894980291
1,1,205.9167,4.19,1.9,63.55,40,5,1.894980291
1,1,254.3811,4.19,1.9,63.55,40,5,1.894980291
150,5,0.966234,3.75,1.6,51.996,5,4,-1.348721986
150,5,1.9311645,3.75,1.6,51.996,5,4,-1.348721986
150,5,4.0207765,3.75,1.6,51.996,5,4,-1.348721986
150,5,5.967528,3.75,1.6,51.996,5,4,-1.348721986
150,5,7.98571,3.75,1.6,51.996,5,4,-1.348721986
150,5,9.98571,3.75,1.6,51.996,5,4,-1.348721986
150,5,14.9857,3.75,1.6,51.996,5,4,-1.348721986
150,5,20.0402455,3.75,1.6,51.996,5,4,-1.348721986
150,5,2.012619,3.75,1.6,51.996,15,4,-1.160962127
150,5,3.9888745,3.75,1.6,51.996,15,4,-1.160962127
150,5,6.0711065,3.75,1.6,51.996,15,4,-1.160962127
150,5,10.111422,3.75,1.6,51.996,15,4,-1.160962127
150,5,14.8452455,3.75,1.6,51.996,15,4,-1.160962127
150,5,19.9880275,3.75,1.6,51.996,15,4,-1.160962127
150,5,0.966234,3.75,1.6,51.996,25,4,-0.928523032
150,5,1.98571,3.75,1.6,51.996,25,4,-0.928523032
150,5,3.98571,3.75,1.6,51.996,25,4,-0.928523032
150,5,6.0220735,3.75,1.6,51.996,25,4,-0.928523032
150,5,10.094801,3.75,1.6,51.996,25,4,-0.928523032
150,5,14.6857,3.75,1.6,51.996,25,4,-0.928523032
150,5,20.1870275,3.75,1.6,51.996,25,4,-0.928523032
150,5,0.88678265,3.75,1.6,51.996,35,4,-1.150396342
150,5,1.933269,3.75,1.6,51.996,35,4,-1.150396342
150,5,4.149711,3.75,1.6,51.996,35,4,-1.150396342
150,5,6.1003245,3.75,1.6,51.996,35,4,-1.150396342
150,5,8.2279845,3.75,1.6,51.996,35,4,-1.150396342
150,5,10.1428745,3.75,1.6,51.996,35,4,-1.150396342
150,5,15.0191,3.75,1.6,51.996,35,4,-1.150396342
150,5,20.073009,3.75,1.6,51.996,35,4,-1.150396342
150,5,0.9710235,3.75,1.6,51.996,5,4,-1.058737091
150,5,1.9385215,3.75,1.6,51.996,5,4,-1.058737091
150,5,3.9224315,3.75,1.6,51.996,5,4,-1.058737091
150,5,5.918876,3.75,1.6,51.996,5,4,-1.058737091
150,5,7.8777375,3.75,1.6,51.996,5,4,-1.058737091
150,5,10.3442275,3.75,1.6,51.996,5,4,-1.058737091
150,5,15.290856,3.75,1.6,51.996,5,4,-1.058737091
150,5,20.4121535,3.75,1.6,51.996,5,4,-1.058737091
150,5,1.9923435,3.75,1.6,51.996,15,4,-0.959595471
150,5,3.984677,3.75,1.6,51.996,15,4,-0.959595471
150,5,6.015023,3.75,1.6,51.996,15,4,-0.959595471
150,5,7.991609,3.75,1.6,51.996,15,4,-0.959595471
150,5,10.019886,3.75,1.6,51.996,15,4,-0.959595471
150,5,15.0209605,3.75,1.6,51.996,15,4,-0.959595471
150,5,19.996645,3.75,1.6,51.996,15,4,-0.959595471
150,5,1.021117,3.75,1.6,51.996,25,4,-0.976048293
150,5,1.988618,3.75,1.6,51.996,25,4,-0.976048293
150,5,3.957655,3.75,1.6,51.996,25,4,-0.976048293
150,5,5.98502,3.75,1.6,51.996,25,4,-0.976048293
150,5,7.993978,3.75,1.6,51.996,25,4,-0.976048293
150,5,10.248337,3.75,1.6,51.996,25,4,-0.976048293
150,5,14.9280605,3.75,1.6,51.996,25,4,-0.976048293
150,5,20.023055,3.75,1.6,51.996,25,4,-0.976048293
150,5,1.9897925,3.75,1.6,51.996,35,4,-0.61200543
150,5,3.987401,3.75,1.6,51.996,35,4,-0.61200543
150,5,5.987369,3.75,1.6,51.996,35,4,-0.61200543
150,5,8.22803,3.75,1.6,51.996,35,4,-0.61200543
150,5,9.95755,3.75,1.6,51.996,35,4,-0.61200543
150,5,15.51123,3.75,1.6,51.996,35,4,-0.61200543
150,5,20.00392,3.75,1.6,51.996,35,4,-0.61200543
150,5,0.966234,3.75,1.6,51.996,5,4,-1.018770513
150,5,1.9493465,3.75,1.6,51.996,5,4,-1.018770513
150,5,4.003892,3.75,1.6,51.996,5,4,-1.018770513
150,5,6.148049,3.75,1.6,51.996,5,4,-1.018770513
150,5,7.880521,3.75,1.6,51.996,5,4,-1.018770513
150,5,14.9714,3.75,1.6,51.996,5,4,-1.018770513
150,5,20.061082,3.75,1.6,51.996,5,4,-1.018770513
150,5,2.05053,3.75,1.6,51.996,15,4,-0.783728507
150,5,4.0449675,3.75,1.6,51.996,15,4,-0.783728507
150,5,6.0212225,3.75,1.6,51.996,15,4,-0.783728507
150,5,10.1856965,3.75,1.6,51.996,15,4,-0.783728507
150,5,15.010509,3.75,1.6,51.996,15,4,-0.783728507
150,5,19.141665,3.75,1.6,51.996,15,4,-0.783728507
150,5,0.876623,3.75,1.6,51.996,25,4,-0.622566248
150,5,1.9116855,3.75,1.6,51.996,25,4,-0.622566248
150,5,3.967528,3.75,1.6,51.996,25,4,-0.622566248
150,5,6.0025945,3.75,1.6,51.996,25,4,-0.622566248
150,5,7.9870175,3.75,1.6,51.996,25,4,-0.622566248
150,5,10.1311645,3.75,1.6,51.996,25,4,-0.622566248
150,5,15.2934635,3.75,1.6,51.996,25,4,-0.622566248
150,5,20.15199,3.75,1.6,51.996,25,4,-0.622566248
150,5,0.9939395,3.75,1.6,51.996,35,4,-1.067171233
150,5,2.04043,3.75,1.6,51.996,35,4,-1.067171233
150,5,3.9558375,3.75,1.6,51.996,35,4,-1.067171233
150,5,5.977371,3.75,1.6,51.996,35,4,-1.067171233
150,5,8.0167665,3.75,1.6,51.996,35,4,-1.067171233
150,5,10.0025765,3.75,1.6,51.996,35,4,-1.067171233
150,5,14.9671365,3.75,1.6,51.996,35,4,-1.067171233
150,5,19.8965,3.75,1.6,51.996,35,4,-1.067171233
150,5,0.988248,3.75,1.6,51.996,5,4,-0.687780317
150,5,2.00819,3.75,1.6,51.996,5,4,-0.687780317
150,5,3.970585,3.75,1.6,51.996,5,4,-0.687780317
150,5,5.983065,3.75,1.6,51.996,5,4,-0.687780317
150,5,7.978335,3.75,1.6,51.996,5,4,-0.687780317
150,5,10.27379,3.75,1.6,51.996,5,4,-0.687780317
150,5,15.05961,3.75,1.6,51.996,5,4,-0.687780317
150,5,19.903785,3.75,1.6,51.996,5,4,-0.687780317
150,5,2.0101605,3.75,1.6,51.996,15,4,-0.583076711
150,5,3.992935,3.75,1.6,51.996,15,4,-0.583076711
150,5,6.008545,3.75,1.6,51.996,15,4,-0.583076711
150,5,7.974515,3.75,1.6,51.996,15,4,-0.583076711
150,5,10.138755,3.75,1.6,51.996,15,4,-0.583076711
150,5,14.885695,3.75,1.6,51.996,15,4,-0.583076711
150,5,20.007985,3.75,1.6,51.996,15,4,-0.583076711
150,5,0.9275775,3.75,1.6,51.996,25,4,-0.480684014
150,5,1.8825525,3.75,1.6,51.996,25,4,-0.480684014
150,5,4.0147985,3.75,1.6,51.996,25,4,-0.480684014
150,5,6.07191,3.75,1.6,51.996,25,4,-0.480684014
150,5,8.220205,3.75,1.6,51.996,25,4,-0.480684014
150,5,10.163025,3.75,1.6,51.996,25,4,-0.480684014
150,5,15.6244,3.75,1.6,51.996,25,4,-0.480684014
150,5,19.835295,3.75,1.6,51.996,25,4,-0.480684014
150,5,1.97179,3.75,1.6,51.996,35,4,-0.320581189
150,5,3.975285,3.75,1.6,51.996,35,4,-0.320581189
150,5,5.987775,3.75,1.6,51.996,35,4,-0.320581189
150,5,8.000255,3.75,1.6,51.996,35,4,-0.320581189
150,5,10.00727,3.75,1.6,51.996,35,4,-0.320581189
150,5,15.640825,3.75,1.6,51.996,35,4,-0.320581189
150,5,19.975005,3.75,1.6,51.996,35,4,-0.320581189
150,5,0.8636365,3.75,1.6,51.996,5,4,-0.230312574
150,5,2.1688355,3.75,1.6,51.996,5,4,-0.230312574
150,5,4.01818,3.75,1.6,51.996,5,4,-0.230312574
150,5,6.08052,3.75,1.6,51.996,5,4,-0.230312574
150,5,8.292205,3.75,1.6,51.996,5,4,-0.230312574
150,5,10.179225,3.75,1.6,51.996,5,4,-0.230312574
150,5,15,3.75,1.6,51.996,5,4,-0.230312574
150,5,19.11042,3.75,1.6,51.996,5,4,-0.230312574
150,5,1.0421225,3.75,1.6,51.996,15,4,-0.09820941
150,5,2.04788,3.75,1.6,51.996,15,4,-0.09820941
150,5,4.068265,3.75,1.6,51.996,15,4,-0.09820941
150,5,6.05228,3.75,1.6,51.996,15,4,-0.09820941
150,5,8.013455,3.75,1.6,51.996,15,4,-0.09820941
150,5,10.007895,3.75,1.6,51.996,15,4,-0.09820941
150,5,15.04668,3.75,1.6,51.996,15,4,-0.09820941
150,5,20.03041,3.75,1.6,51.996,15,4,-0.09820941
150,5,0.993508,3.75,1.6,51.996,25,4,-0.127692188
150,5,1.948053,3.75,1.6,51.996,25,4,-0.127692188
150,5,3.906495,3.75,1.6,51.996,25,4,-0.127692188
150,5,5.98052,3.75,1.6,51.996,25,4,-0.127692188
150,5,7.970135,3.75,1.6,51.996,25,4,-0.127692188
150,5,9.993505,3.75,1.6,51.996,25,4,-0.127692188
150,5,14.988355,3.75,1.6,51.996,25,4,-0.127692188
150,5,19.9857,3.75,1.6,51.996,25,4,-0.127692188
150,5,0.9960025,3.75,1.6,51.996,35,4,-0.101582004
150,5,2.029274,3.75,1.6,51.996,35,4,-0.101582004
150,5,4.05236,3.75,1.6,51.996,35,4,-0.101582004
150,5,5.953515,3.75,1.6,51.996,35,4,-0.101582004
150,5,7.95822,3.75,1.6,51.996,35,4,-0.101582004
150,5,9.930305,3.75,1.6,51.996,35,4,-0.101582004
150,5,14.948375,3.75,1.6,51.996,35,4,-0.101582004
150,5,19.88291,3.75,1.6,51.996,35,4,-0.101582004
150,5,1.010173,3.75,1.6,51.996,5,4,-0.145366083
150,5,1.949504,3.75,1.6,51.996,5,4,-0.145366083
150,5,3.976095,3.75,1.6,51.996,5,4,-0.145366083
150,5,5.995635,3.75,1.6,51.996,5,4,-0.145366083
150,5,8.013995,3.75,1.6,51.996,5,4,-0.145366083
150,5,10.36307,3.75,1.6,51.996,5,4,-0.145366083
150,5,14.96765,3.75,1.6,51.996,5,4,-0.145366083
150,5,19.97034,3.75,1.6,51.996,5,4,-0.145366083
150,5,1.977021,3.75,1.6,51.996,15,4,-0.13861496
150,5,4.01016,3.75,1.6,51.996,15,4,-0.13861496
150,5,6.030935,3.75,1.6,51.996,15,4,-0.13861496
150,5,7.865075,3.75,1.6,51.996,15,4,-0.13861496
150,5,9.98925,3.75,1.6,51.996,15,4,-0.13861496
150,5,15.039645,3.75,1.6,51.996,15,4,-0.13861496
150,5,20.04273,3.75,1.6,51.996,15,4,-0.13861496
150,5,1.038744,3.75,1.6,51.996,25,4,-0.151010794
150,5,1.978075,3.75,1.6,51.996,25,4,-0.151010794
150,5,3.976095,3.75,1.6,51.996,25,4,-0.151010794
150,5,5.99798,3.75,1.6,51.996,25,4,-0.151010794
150,5,7.98895,3.75,1.6,51.996,25,4,-0.151010794
150,5,9.95916,3.75,1.6,51.996,25,4,-0.151010794
150,5,14.44286,3.75,1.6,51.996,25,4,-0.151010794
150,5,19.960125,3.75,1.6,51.996,25,4,-0.151010794
150,5,1.022697,3.75,1.6,51.996,35,4,-0.098726988
150,5,2.004294,3.75,1.6,51.996,35,4,-0.098726988
150,5,4.00584,3.75,1.6,51.996,35,4,-0.098726988
150,5,5.96511,3.75,1.6,51.996,35,4,-0.098726988
150,5,7.965075,3.75,1.6,51.996,35,4,-0.098726988
150,5,9.965035,3.75,1.6,51.996,35,4,-0.098726988
150,5,14.96765,3.75,1.6,51.996,35,4,-0.098726988
45849,1,2.119145,4.26,1.6,112.41,25,,0.736926894
45849,1,4.105364,4.26,1.6,112.41,25,,0.736926894
45849,1,5.9863,4.26,1.6,112.41,25,,0.736926894
45849,1,7.78044,4.26,1.6,112.41,25,,0.736926894
45849,1,9.25471,4.26,1.6,112.41,25,,0.736926894
45849,1,10.7181,4.26,1.6,112.41,25,,0.736926894
45851,1,2.120977,4.26,1.6,112.41,25,,1.324295834
45851,1,4.077889,4.26,1.6,112.41,25,,1.324295834
45851,1,5.96821,4.26,1.6,112.41,25,,1.324295834
45851,1,7.76793,4.26,1.6,112.41,25,,1.324295834
45851,1,9.24479,4.26,1.6,112.41,25,,1.324295834
45851,1,10.71176,4.26,1.6,112.41,25,,1.324295834
45660,1,2.132154,4.26,1.6,112.41,25,,1.123471385
45660,1,4.11789,4.26,1.6,112.41,25,,1.123471385
45660,1,5.99905,4.26,1.6,112.41,25,,1.123471385
45660,1,7.77368,4.26,1.6,112.41,25,,1.123471385
45660,1,9.28516,4.26,1.6,112.41,25,,1.123471385
45660,1,10.70364,4.26,1.6,112.41,25,,1.123471385
0.9,1,2.127768,4.26,1.6,112.41,25,,0.944499451
0.9,1,4.103251,4.26,1.6,112.41,25,,0.944499451
0.9,1,5.98309,4.26,1.6,112.41,25,,0.944499451
0.9,1,7.78141,4.26,1.6,112.41,25,,0.944499451
0.9,1,9.26159,4.26,1.6,112.41,25,,0.944499451
0.9,1,10.70582,4.26,1.6,112.41,25,,0.944499451
45913,1,2.124368,4.26,1.6,112.41,25,,1.522784233
45913,1,4.104307,4.26,1.6,112.41,25,,1.522784233
45913,1,5.98069,4.26,1.6,112.41,25,,1.522784233
45913,1,7.78481,4.26,1.6,112.41,25,,1.522784233
45913,1,9.26581,4.26,1.6,112.41,25,,1.522784233
45913,1,10.7065,4.26,1.6,112.41,25,,1.522784233
0.1,2,0.0546323,4.01,2.33,207.2,25,,-0.811099627
0.1,2,0.188968,4.01,2.33,207.2,25,,-0.811099627
0.1,2,0.428116,4.01,2.33,207.2,25,,-0.811099627
0.1,2,0.702013,4.01,2.33,207.2,25,,-0.811099627
0.1,2,1.109639,4.01,2.33,207.2,25,,-0.811099627
0.1,2,0.0613842,4.01,2.33,207.2,25,,-0.74007181
0.1,2,0.2102768,4.01,2.33,207.2,25,,-0.74007181
0.1,2,0.4494106,4.01,2.33,207.2,25,,-0.74007181
0.1,2,0.7549278,4.01,2.33,207.2,25,,-0.74007181
0.1,2,1.131083,4.01,2.33,207.2,25,,-0.74007181
0.1,2,0.0724258,4.19,1.9,63.55,25,,-0.659417092
0.1,2,0.335045,4.19,1.9,63.55,25,,-0.659417092
0.1,2,0.565471,4.19,1.9,63.55,25,,-0.659417092
0.1,2,0.81529,4.19,1.9,63.55,25,,-0.659417092
0.1,2,1.16253,4.19,1.9,63.55,25,,-0.659417092
0.1,2,0.0776316,4.19,1.9,63.55,25,,-0.771573975
0.1,2,0.3410304,4.19,1.9,63.55,25,,-0.771573975
0.1,2,0.565613,4.19,1.9,63.55,25,,-0.771573975
0.1,2,0.8208544,4.19,1.9,63.55,25,,-0.771573975
0.1,2,1.1632142,4.19,1.9,63.55,25,,-0.771573975
0.1,2,0.0789032,4.26,1.6,112.41,25,,-0.984682167
0.1,2,0.354477,4.26,1.6,112.41,25,,-0.984682167
0.1,2,0.592181,4.26,1.6,112.41,25,,-0.984682167
0.1,2,0.889626,4.26,1.6,112.41,25,,-0.984682167
0.1,2,1.32088,4.26,1.6,112.41,25,,-0.984682167
0.1,2,0.08115174,4.26,1.6,112.41,25,,-0.910130198
0.1,2,0.3603916,4.26,1.6,112.41,25,,-0.910130198
0.1,2,0.6045204,4.26,1.6,112.41,25,,-0.910130198
0.1,2,0.906127,4.26,1.6,112.41,25,,-0.910130198
0.1,2,1.3400726,4.26,1.6,112.41,25,,-0.910130198
0.1,2,0.0894194,4.04,1.91,58.69,25,,-0.881834515
0.1,2,0.438413,4.04,1.91,58.69,25,,-0.881834515
0.1,2,0.750335,4.04,1.91,58.69,25,,-0.881834515
0.1,2,1.061497,4.04,1.91,58.69,25,,-0.881834515
0.1,2,1.49519,4.04,1.91,58.69,25,,-0.881834515
0.1,2,0.09279222,4.04,1.91,58.69,25,,-0.841999571
0.1,2,0.4390426,4.04,1.91,58.69,25,,-0.841999571
0.1,2,0.7527756,4.04,1.91,58.69,25,,-0.841999571
0.1,2,1.0749462,4.04,1.91,58.69,25,,-0.841999571
0.1,2,1.5279474,4.04,1.91,58.69,25,,-0.841999571
0.1,2,0.1039742,4.3,1.6,65.93,25,,-1.073503211
0.1,2,0.447368,4.3,1.6,65.93,25,,-1.073503211
0.1,2,0.773006,4.3,1.6,65.93,25,,-1.073503211
0.1,2,1.18582,4.3,1.6,65.93,25,,-1.073503211
0.1,2,1.75987,4.3,1.6,65.93,25,,-1.073503211
0.1,2,0.11158796,4.3,1.6,65.93,25,,-0.871277716
0.1,2,0.4564688,4.3,1.6,65.93,25,,-0.871277716
0.1,2,0.8553622,4.3,1.6,65.93,25,,-0.871277716
0.1,2,1.23884,4.3,1.6,65.93,25,,-0.871277716
0.1,2,1.7837886,4.3,1.6,65.93,25,,-0.871277716
5,0.2,0.0542837,4.26,1.6,112.41,25,7,-1.392652223
5,0.2,0.22489176,4.26,1.6,112.41,25,7,-1.392652223
5,0.2,0.45205238,4.26,1.6,112.41,25,7,-1.392652223
5,0.2,0.60803492,4.26,1.6,112.41,25,7,-1.392652223
5,0.2,1.16687176,4.26,1.6,112.41,25,7,-1.392652223
5,0.2,0.067409414,4.26,1.6,112.41,25,7,-1.436163081
5,0.2,0.32554051,4.26,1.6,112.41,25,7,-1.436163081
5,0.2,0.55556998,4.26,1.6,112.41,25,7,-1.436163081
5,0.2,0.72567794,4.26,1.6,112.41,25,7,-1.436163081
5,0.2,1.18187102,4.26,1.6,112.41,25,7,-1.436163081
5,0.2,0.060921508,4.26,1.6,112.41,25,7,-1.442492798
5,0.2,0.25229258,4.26,1.6,112.41,25,7,-1.442492798
5,0.2,0.50378618,4.26,1.6,112.41,25,7,-1.442492798
5,0.2,0.66685644,4.26,1.6,112.41,25,7,-1.442492798
5,0.2,1.16587176,4.26,1.6,112.41,25,7,-1.442492798
5,0.2,0.051064848,4.26,1.6,112.41,25,7,-1.261219442
5,0.2,0.2081475,4.26,1.6,112.41,25,7,-1.261219442
5,0.2,0.40775628,4.26,1.6,112.41,25,7,-1.261219442
5,0.2,0.65578002,4.26,1.6,112.41,25,7,-1.261219442
5,0.2,1.11654396,4.26,1.6,112.41,25,7,-1.261219442
350,2,169.9221,4.19,1.9,63.55,20,5.5,2.28402445
350,2,316.8693,4.19,1.9,63.55,20,5.5,2.28402445
350,2,380.253,4.19,1.9,63.55,20,5.5,2.28402445
350,2,446.877,4.19,1.9,63.55,20,5.5,2.28402445
350,2,557.566,4.19,1.9,63.55,20,5.5,2.28402445
350,2,173.1367,4.19,1.9,63.55,30,5.5,2.307367656
350,2,325.7237,4.19,1.9,63.55,30,5.5,2.307367656
350,2,385.105,4.19,1.9,63.55,30,5.5,2.307367656
350,2,448.498,4.19,1.9,63.55,30,5.5,2.307367656
350,2,566.421,4.19,1.9,63.55,30,5.5,2.307367656
350,2,178.7852,4.19,1.9,63.55,40,5.5,2.324158942
350,2,332.1681,4.19,1.9,63.55,40,5.5,2.324158942
350,2,398.794,4.19,1.9,63.55,40,5.5,2.324158942
350,2,463.79,4.19,1.9,63.55,40,5.5,2.324158942
350,2,579.32,4.19,1.9,63.55,40,5.5,2.324158942
350,2,191.52551,4.01,2.33,207.2,20,5.5,2.346216013
350,2,363.1271,4.01,2.33,207.2,20,5.5,2.346216013
350,2,491.269,4.01,2.33,207.2,20,5.5,2.346216013
350,2,193.35889,4.01,2.33,207.2,30,5.5,2.357267655
350,2,369.4483,4.01,2.33,207.2,30,5.5,2.357267655
350,2,507.4841,4.01,2.33,207.2,30,5.5,2.357267655
350,2,195.17098,4.01,2.33,207.2,40,5.5,2.373279893
350,2,374.9378,4.01,2.33,207.2,40,5.5,2.373279893
350,2,513.9007,4.01,2.33,207.2,40,5.5,2.373279893
350,2,172.3289,4.26,1.6,112.41,20,5.5,2.272862276
350,2,314.6955,4.26,1.6,112.41,20,5.5,2.272862276
350,2,444.25,4.26,1.6,112.41,20,5.5,2.272862276
350,2,557.463,4.26,1.6,112.41,20,5.5,2.272862276
350,2,178.1311,4.26,1.6,112.41,30,5.5,2.309906836
350,2,328.7694,4.26,1.6,112.41,30,5.5,2.309906836
350,2,458.323,4.26,1.6,112.41,30,5.5,2.309906836
350,2,578.256,4.26,1.6,112.41,30,5.5,2.309906836
350,2,184.0774,4.26,1.6,112.41,40,5.5,2.332398059
350,2,341.9224,4.26,1.6,112.41,40,5.5,2.332398059
350,2,467.802,4.26,1.6,112.41,40,5.5,2.332398059
350,2,586.961,4.26,1.6,112.41,40,5.5,2.332398059
850,1,0.07583862,4.26,1.6,112.41,25,,-0.816240605
850,1,0.245735,4.26,1.6,112.41,25,,-0.816240605
850,1,0.634551,4.26,1.6,112.41,25,,-0.816240605
850,1,0.932938,4.26,1.6,112.41,25,,-0.816240605
850,1,0.0871665,4.01,2.33,207.2,25,,-0.344391974
850,1,0.2650361,4.01,2.33,207.2,25,,-0.344391974
850,1,0.566135,4.01,2.33,207.2,25,,-0.344391974
850,1,0.867962,4.01,2.33,207.2,25,,-0.344391974
850,1,1.85763,4.01,2.33,207.2,25,,-0.344391974
850,1,2.721527,4.01,2.33,207.2,25,,-0.344391974
850,1,3.0915,4.01,2.33,207.2,25,,-0.344391974
850,1,0.0985854,4.19,1.9,63.55,25,,-0.648360206
850,1,0.259056,4.19,1.9,63.55,25,,-0.648360206
850,1,0.63745,4.19,1.9,63.55,25,,-0.648360206
850,1,0.981776,4.19,1.9,63.55,25,,-0.648360206
850,1,0.07583862,4.3,1.6,65.93,25,,-0.75434917
850,1,0.245553,4.3,1.6,65.93,25,,-0.75434917
850,1,0.692723,4.3,1.6,65.93,25,,-0.75434917
,2,10,4.04,1.91,58.69,25,6,1.378761175
,2,20,4.04,1.91,58.69,25,6,1.378761175
,2,30,4.04,1.91,58.69,25,6,1.378761175
,2,40,4.04,1.91,58.69,25,6,1.378761175
,2,50,4.04,1.91,58.69,25,6,1.378761175
,2,10,4.26,1.6,112.41,25,6,1.497482537
,2,20,4.26,1.6,112.41,25,6,1.497482537
,2,30,4.26,1.6,112.41,25,6,1.497482537
,2,40,4.26,1.6,112.41,25,6,1.497482537
,2,50,4.26,1.6,112.41,25,6,1.497482537
150,0.67,25.347217,4.01,2.33,207.2,25,5.5,2.309651456
150,0.67,46.248231,4.01,2.33,207.2,25,5.5,2.309651456
150,0.67,75.99502,4.01,2.33,207.2,25,5.5,2.309651456
150,0.67,97.08442,4.01,2.33,207.2,25,5.5,2.309651456
150,0.67,134.95766,4.01,2.33,207.2,25,5.5,2.309651456
150,0.67,202.58144,4.01,2.33,207.2,25,5.5,2.309651456
150,0.67,294.88212,4.01,2.33,207.2,25,5.5,2.309651456
150,0.67,26.506719,4.26,1.6,112.41,25,5.5,2.106768665
150,0.67,52.997862,4.26,1.6,112.41,25,5.5,2.106768665
150,0.67,76.937211,4.26,1.6,112.41,25,5.5,2.106768665
150,0.67,99.373769,4.26,1.6,112.41,25,5.5,2.106768665
150,0.67,167.592397,4.26,1.6,112.41,25,5.5,2.106768665
150,0.67,216.5069,4.26,1.6,112.41,25,5.5,2.106768665
150,0.67,325.7497,4.26,1.6,112.41,25,5.5,2.106768665
150,0.67,25.191949,4.38,1.5,54.94,25,5.5,2.023334783
150,0.67,43.855131,4.38,1.5,54.94,25,5.5,2.023334783
150,0.67,76.797362,4.38,1.5,54.94,25,5.5,2.023334783
150,0.67,98.983829,4.38,1.5,54.94,25,5.5,2.023334783
150,0.67,150.668699,4.38,1.5,54.94,25,5.5,2.023334783
150,0.67,207.943675,4.38,1.5,54.94,25,5.5,2.023334783
200,3,2.680161,4.01,2.33,207.2,15,5,-0.333762904
200,3,4.557506,4.01,2.33,207.2,15,5,-0.333762904
200,3,6.655076,4.01,2.33,207.2,15,5,-0.333762904
200,3,8.432478,4.01,2.33,207.2,15,5,-0.333762904
200,3,12.916515,4.01,2.33,207.2,15,5,-0.333762904
200,3,2.284725,4.01,2.33,207.2,27,5,0.013469232
200,3,3.557772,4.01,2.33,207.2,27,5,0.013469232
200,3,5.905392,4.01,2.33,207.2,27,5,0.013469232
200,3,8.36054,4.01,2.33,207.2,27,5,0.013469232
200,3,10.075414,4.01,2.33,207.2,27,5,0.013469232
200,3,13.162363,4.01,2.33,207.2,27,5,0.013469232
200,3,2.797176,4.01,2.33,207.2,40,5,0.169292275
200,3,4.166355,4.01,2.33,207.2,40,5,0.169292275
200,3,5.92483,4.01,2.33,207.2,40,5,0.169292275
200,3,8.19622,4.01,2.33,207.2,40,5,0.169292275
200,3,10.19243,4.01,2.33,207.2,40,5,0.169292275
200,3,13.11926,4.01,2.33,207.2,40,5,0.169292275
200,3,13.93622,4.01,2.33,207.2,40,5,0.169292275
100,2,1.281696,4.19,1.9,63.55,25,5.5,0.048655402
100,2,2.515604,4.19,1.9,63.55,25,5.5,0.048655402
100,2,4.344574,4.19,1.9,63.55,25,5.5,0.048655402
100,2,5.825766,4.19,1.9,63.55,25,5.5,0.048655402
100,2,8.173954,4.19,1.9,63.55,25,5.5,0.048655402
100,2,11.917912,4.19,1.9,63.55,25,5.5,0.048655402
0.19,0.5,24.79952,4.01,2.33,207.2,25,,2.494905608
0.19,0.5,49.92049,4.01,2.33,207.2,25,,2.494905608
0.19,0.5,75.0708,4.01,2.33,207.2,25,,2.494905608
0.19,0.5,100.1168,4.01,2.33,207.2,25,,2.494905608
0.19,0.5,25.04575,4.19,1.9,63.55,25,,2.051191125
0.19,0.5,49.85115,4.19,1.9,63.55,25,,2.051191125
0.19,0.5,75.0938,4.19,1.9,63.55,25,,2.051191125
0.19,0.5,100.1524,4.19,1.9,63.55,25,,2.051191125
0.02,0.5,100,4.19,1.9,63.55,25,4,2.392978187
0.02,0.5,200,4.19,1.9,63.55,25,4,2.392978187
0.02,0.5,300,4.19,1.9,63.55,25,4,2.392978187
0.02,0.5,400,4.19,1.9,63.55,25,4,2.392978187
0.02,0.5,500,4.19,1.9,63.55,25,4,2.392978187
0.02,0.5,600,4.19,1.9,63.55,25,4,2.392978187
0.02,0.5,800,4.19,1.9,63.55,25,4,2.392978187
0.02,0.5,1000,4.19,1.9,63.55,25,4,2.392978187
450,1,29.6691,4.26,1.6,112.41,25,6,2.520601425
450,1,50.9172,4.26,1.6,112.41,25,6,2.520601425
450,1,101.8344,4.26,1.6,112.41,25,6,2.520601425
450,1,195.3258,4.26,1.6,112.41,25,6,2.520601425
450,1,291.898,4.26,1.6,112.41,25,6,2.520601425
450,1,391.237,4.26,1.6,112.41,25,6,2.520601425
450,1,480.769,4.26,1.6,112.41,25,6,2.520601425
450,1,671.135,4.26,1.6,112.41,25,6,2.520601425
450,1,773.53,4.26,1.6,112.41,25,6,2.520601425
450,1,940.719,4.26,1.6,112.41,25,6,2.520601425
40,1,0.4025446,4.19,1.9,63.55,25,6.3,-0.586700236
40,1,1.039366,4.19,1.9,63.55,25,6.3,-0.586700236
40,1,2.149621,4.19,1.9,63.55,25,6.3,-0.586700236
40,1,4.353623,4.19,1.9,63.55,25,6.3,-0.586700236
40,1,8.055543,4.19,1.9,63.55,25,6.3,-0.586700236
40,1,16.064825,4.19,1.9,63.55,25,6.3,-0.586700236
40,1,1.777062,,1.6,51.996,25,6.3,0.672097858
40,1,3.80304,,1.6,51.996,25,6.3,0.672097858
40,1,8.90271,,1.6,51.996,25,6.3,0.672097858
40,1,16.0412,,1.6,51.996,25,6.3,0.672097858
40,1,32.01864,,1.6,51.996,25,6.3,0.672097858
40,1,0.747454,4.01,2.33,207.2,25,6.3,0.372912003
40,1,1.973213,4.01,2.33,207.2,25,6.3,0.372912003
40,1,3.095091,4.01,2.33,207.2,25,6.3,0.372912003
40,1,7.92401,4.01,2.33,207.2,25,6.3,0.372912003
40,1,16.66751,4.01,2.33,207.2,25,6.3,0.372912003
40,1,32.01142,4.01,2.33,207.2,25,6.3,0.372912003
40,1,0.668198,4.3,1.6,65.93,25,6.3,-0.296708622
40,1,1.892336,4.3,1.6,65.93,25,6.3,-0.296708622
40,1,3.928068,4.3,1.6,65.93,25,6.3,-0.296708622
40,1,8.06717,4.3,1.6,65.93,25,6.3,-0.296708622
40,1,16.043448,4.3,1.6,65.93,25,6.3,-0.296708622
40,1,32.029048,4.3,1.6,65.93,25,6.3,-0.296708622
45,1,0.661174,4.01,2.33,207.2,25,6.3,0.692846919
45,1,1.958949,4.01,2.33,207.2,25,6.3,0.692846919
45,1,3.77065,4.01,2.33,207.2,25,6.3,0.692846919
45,1,8.13429,4.01,2.33,207.2,25,6.3,0.692846919
45,1,16.33003,4.01,2.33,207.2,25,6.3,0.692846919
45,1,31.96948,4.01,2.33,207.2,25,6.3,0.692846919
41,1,0.697344,4.01,2.33,207.2,25,6.3,0.744292983
41,1,1.850206,4.01,2.33,207.2,25,6.3,0.744292983
41,1,3.13792,4.01,2.33,207.2,25,6.3,0.744292983
41,1,8.58869,4.01,2.33,207.2,25,6.3,0.744292983
41,1,16.52306,4.01,2.33,207.2,25,6.3,0.744292983
41,1,32.00622,4.01,2.33,207.2,25,6.3,0.744292983
41,1,1.72389,,1.6,51.996,25,6.3,-0.20481541
41,1,3.58549,,1.6,51.996,25,6.3,-0.20481541
41,1,8.016006,,1.6,51.996,25,6.3,-0.20481541
41,1,15.971653,,1.6,51.996,25,6.3,-0.20481541
41,1,32.001461,,1.6,51.996,25,6.3,-0.20481541
41,1,1.67011,4.19,1.9,63.55,25,6.3,0.469822016
41,1,3.97725,4.19,1.9,63.55,25,6.3,0.469822016
41,1,8.81889,4.19,1.9,63.55,25,6.3,0.469822016
41,1,20.19221,4.19,1.9,63.55,25,6.3,0.469822016
41,1,32.05265,4.19,1.9,63.55,25,6.3,0.469822016
39,1,3.90224,4.19,1.9,63.55,25,6.3,-0.446116973
39,1,8.048773,4.19,1.9,63.55,25,6.3,-0.446116973
39,1,16.044986,4.19,1.9,63.55,25,6.3,-0.446116973
39,1,32.076086,4.19,1.9,63.55,25,6.3,-0.446116973
39,1,3.718087,,1.6,51.996,25,6.3,-0.325138859
39,1,8.03248,,1.6,51.996,25,6.3,-0.325138859
39,1,16.039944,,1.6,51.996,25,6.3,-0.325138859
39,1,32.093646,,1.6,51.996,25,6.3,-0.325138859
39,1,1.916662,4.23,1.8,58.93,25,6.3,-0.089909454
39,1,4.227946,4.23,1.8,58.93,25,6.3,-0.089909454
39,1,8.072563,4.23,1.8,58.93,25,6.3,-0.089909454
39,1,17.535718,4.23,1.8,58.93,25,6.3,-0.089909454
39,1,32.039725,4.23,1.8,58.93,25,6.3,-0.089909454
39,1,1.961726,4.01,2.33,207.2,25,6.3,0.46834733
39,1,4.07507,4.01,2.33,207.2,25,6.3,0.46834733
39,1,7.95725,4.01,2.33,207.2,25,6.3,0.46834733
39,1,16.60482,4.01,2.33,207.2,25,6.3,0.46834733
39,1,32.00459,4.01,2.33,207.2,25,6.3,0.46834733
44,1,2.056385,4.3,1.6,65.93,25,6.3,-0.197910742
44,1,4.094159,4.3,1.6,65.93,25,6.3,-0.197910742
44,1,8.446089,4.3,1.6,65.93,25,6.3,-0.197910742
44,1,17.158212,4.3,1.6,65.93,25,6.3,-0.197910742
44,1,32.043414,4.3,1.6,65.93,25,6.3,-0.197910742
44,1,2.041927,4.01,2.33,207.2,25,6.3,-0.787812396
44,1,3.059797,4.01,2.33,207.2,25,6.3,-0.787812396
44,1,8.28938,4.01,2.33,207.2,25,6.3,-0.787812396
44,1,16.68178,4.01,2.33,207.2,25,6.3,-0.787812396
44,1,32.00636,4.01,2.33,207.2,25,6.3,-0.787812396
44,1,1.613973,,1.6,51.996,25,6.3,0.387389826
44,1,2.56794,,1.6,51.996,25,6.3,0.387389826
44,1,8.49878,,1.6,51.996,25,6.3,0.387389826
44,1,16.0301,,1.6,51.996,25,6.3,0.387389826
44,1,32.00021,,1.6,51.996,25,6.3,0.387389826
50,2.5,0.009960575,4.19,1.9,63.55,25,6,-1.791840919
50,2.5,0.019880925,4.19,1.9,63.55,25,6,-1.791840919
50,2.5,0.050364575,4.19,1.9,63.55,25,6,-1.791840919
50,2.5,0.09981315,4.19,1.9,63.55,25,6,-1.791840919
50,2.5,0.018423195,4.19,1.9,63.55,25,6,-1.701413256
50,2.5,0.0502635,4.19,1.9,63.55,25,6,-1.701413256
50,2.5,0.10146755,4.19,1.9,63.55,25,6,-1.701413256
50,2.5,0.20021,4.19,1.9,63.55,25,6,-1.701413256
50,2.5,0.005114083,4.01,2.33,207.2,25,6,-1.622812176
50,2.5,0.020127975,4.01,2.33,207.2,25,6,-1.622812176
50,2.5,0.053327075,4.01,2.33,207.2,25,6,-1.622812176
50,2.5,0.1002902,4.01,2.33,207.2,25,6,-1.622812176
50,2.5,0.01977865,4.01,2.33,207.2,25,6,-1.573783248
50,2.5,0.0498148,4.01,2.33,207.2,25,6,-1.573783248
50,2.5,0.1001089,4.01,2.33,207.2,25,6,-1.573783248
50,2.5,0.200076,4.01,2.33,207.2,25,6,-1.573783248
2000,0.6,0.2060405,4.23,1.8,58.93,25,6,-0.703993331
2000,0.6,0.50500936,4.23,1.8,58.93,25,6,-0.703993331
2000,0.6,1.0020374,4.23,1.8,58.93,25,6,-0.703993331
2000,0.6,0.20738346,4.04,1.91,58.69,25,6,-0.827981191
2000,0.6,0.5039902,4.04,1.91,58.69,25,6,-0.827981191
2000,0.6,1.0042484,4.04,1.91,58.69,25,6,-0.827981191
2000,0.6,0.1934298,4.19,1.9,63.55,25,6,-0.19172149
2000,0.6,0.4999426,4.19,1.9,63.55,25,6,-0.19172149
2000,0.6,1.0221896,4.19,1.9,63.55,25,6,-0.19172149
2000,0.6,0.2028434,4.3,1.6,65.93,25,6,-0.32339783
2000,0.6,0.5026152,4.3,1.6,65.93,25,6,-0.32339783
2000,0.6,1.001442,4.3,1.6,65.93,25,6,-0.32339783
2000,0.6,0.20007238,4.26,1.6,112.41,25,6,-0.293367549
2000,0.6,0.500798,4.26,1.6,112.41,25,6,-0.293367549
2000,0.6,0.9972444,4.26,1.6,112.41,25,6,-0.293367549
,4,30.26022,4.19,1.9,63.55,25,5,1.60272558
,4,61.8621,4.19,1.9,63.55,25,5,1.60272558
,4,93.0371,4.19,1.9,63.55,25,5,1.60272558
,4,116.8336,4.19,1.9,63.55,25,5,1.60272558
,4,145.2645,4.19,1.9,63.55,25,5,1.60272558
,0.5,0.0648458,4.26,1.6,112.41,25,4,-1.369267107
,0.5,0.33407225,4.26,1.6,112.41,25,4,-1.369267107
,0.5,0.77344985,4.26,1.6,112.41,25,4,-1.369267107
,0.5,1.13710775,4.26,1.6,112.41,25,4,-1.369267107
,0.5,1.8084297,4.26,1.6,112.41,25,4,-1.369267107
,0.5,0.0671684,4.26,1.6,112.41,25,4,-1.258612008
,0.5,0.34071035,4.26,1.6,112.41,25,4,-1.258612008
,0.5,0.78182985,4.26,1.6,112.41,25,4,-1.258612008
,0.5,1.1413174,4.26,1.6,112.41,25,4,-1.258612008
,0.5,1.8184055,4.26,1.6,112.41,25,4,-1.258612008
,0.5,0.0634339,4.26,1.6,112.41,25,4,-1.143815073
,0.5,0.34332325,4.26,1.6,112.41,25,4,-1.143815073
,0.5,0.7802724,4.26,1.6,112.41,25,4,-1.143815073
,0.5,1.1495513,4.26,1.6,112.41,25,4,-1.143815073
,0.5,1.8196071,4.26,1.6,112.41,25,4,-1.143815073
,0.5,0.06992645,4.26,1.6,112.41,25,4,-1.028445847
,0.5,0.34448455,4.26,1.6,112.41,25,4,-1.028445847
,0.5,0.7833208,4.26,1.6,112.41,25,4,-1.028445847
,0.5,1.15419645,4.26,1.6,112.41,25,4,-1.028445847
,0.5,1.82512325,4.26,1.6,112.41,25,4,-1.028445847
,0.5,0.07161735,4.26,1.6,112.41,25,4,-0.595696652
,0.5,0.3614592,4.26,1.6,112.41,25,4,-0.595696652
,0.5,0.8103545,4.26,1.6,112.41,25,4,-0.595696652
,0.5,1.1797595,4.26,1.6,112.41,25,4,-0.595696652
,0.5,1.873364,4.26,1.6,112.41,25,4,-0.595696652
,0.5,0.0734914,4.26,1.6,112.41,25,4,-0.527331296
,0.5,0.36333365,4.26,1.6,112.41,25,4,-0.527331296
,0.5,0.8188655,4.26,1.6,112.41,25,4,-0.527331296
,0.5,1.1892095,4.26,1.6,112.41,25,4,-0.527331296
,0.5,1.8818035,4.26,1.6,112.41,25,4,-0.527331296
,0.5,0.0815339,4.26,1.6,112.41,25,4,-0.459195189
,0.5,0.3670816,4.26,1.6,112.41,25,4,-0.459195189
,0.5,0.8272995,4.26,1.6,112.41,25,4,-0.459195189
,0.5,1.20139,4.26,1.6,112.41,25,4,-0.459195189
,0.5,1.8953855,4.26,1.6,112.41,25,4,-0.459195189
,0.5,0.08434495,4.26,1.6,112.41,25,4,-0.405044227
,0.5,0.3698928,4.26,1.6,112.41,25,4,-0.405044227
,0.5,0.8290955,4.26,1.6,112.41,25,4,-0.405044227
,0.5,1.2093555,4.26,1.6,112.41,25,4,-0.405044227
,0.5,1.9066285,4.26,1.6,112.41,25,4,-0.405044227
0.00572,20,15.02997,4.01,2.33,207.2,25,6,-0.099742142
0.00572,20,20.0563,4.01,2.33,207.2,25,6,-0.099742142
0.00572,20,25.00556,4.01,2.33,207.2,25,6,-0.099742142
0.00572,20,30.00852,4.01,2.33,207.2,25,6,-0.099742142
0.00572,20,34.99976,4.01,2.33,207.2,25,6,-0.099742142
0.00572,20,40.0027,4.01,2.33,207.2,25,6,-0.099742142
0.00703,20,4.90251,4.01,2.33,207.2,25,6,9.209515015
0.00703,20,10.12181,4.01,2.33,207.2,25,6,9.209515015
0.00703,20,15.06924,4.01,2.33,207.2,25,6,9.209515015
0.00703,20,20.06256,4.01,2.33,207.2,25,6,9.209515015
0.00703,20,24.99916,4.01,2.33,207.2,25,6,9.209515015
0.00703,20,29.97782,4.01,2.33,207.2,25,6,9.209515015
0.00703,20,34.96024,4.01,2.33,207.2,25,6,9.209515015
0.00703,20,40.08996,4.01,2.33,207.2,25,6,9.209515015
0.00923,20,5.005188,4.01,2.33,207.2,25,6,8.950364854
0.00923,20,10.05408,4.01,2.33,207.2,25,6,8.950364854
0.00923,20,15.05834,4.01,2.33,207.2,25,6,8.950364854
0.00923,20,20.0577,4.01,2.33,207.2,25,6,8.950364854
0.00923,20,25.2093,4.01,2.33,207.2,25,6,8.950364854
0.00923,20,29.96812,4.01,2.33,207.2,25,6,8.950364854
0.00923,20,35.0532,4.01,2.33,207.2,25,6,8.950364854
0.00923,20,40.08026,4.01,2.33,207.2,25,6,8.950364854
5,0.01,0.992366,4.19,1.9,63.55,28,8,1.581698266
5,0.01,2,4.19,1.9,63.55,28,8,1.581698266
5,0.01,2.99237,4.19,1.9,63.55,28,8,1.581698266
5,0.01,3.98473,4.19,1.9,63.55,28,8,1.581698266
5,0.01,4.99237,4.19,1.9,63.55,28,8,1.581698266
5,0.01,6,4.19,1.9,63.55,28,8,1.581698266
150,0.01,0.992366,4.19,1.9,63.55,28,8,1.193820026
150,0.01,1.98473,4.19,1.9,63.55,28,8,1.193820026
150,0.01,2.9771,4.19,1.9,63.55,28,8,1.193820026
150,0.01,3.98473,4.19,1.9,63.55,28,8,1.193820026
150,0.01,4.99237,4.19,1.9,63.55,28,8,1.193820026
150,0.01,5.98473,4.19,1.9,63.55,28,8,1.193820026
35,7.5,21.427415,4.19,1.9,63.55,25,,1.041787319
35,7.5,32.31005,4.19,1.9,63.55,25,,1.041787319
35,7.5,50.594875,4.19,1.9,63.55,25,,1.041787319
35,7.5,78.02485,4.19,1.9,63.55,25,,1.041787319
35,7.5,103.887125,4.19,1.9,63.55,25,,1.041787319
35,7.5,125.63485,4.19,1.9,63.55,25,,1.041787319
35,7.5,142.394175,4.19,1.9,63.55,25,,1.041787319
35,7.5,200.1759,4.19,1.9,63.55,25,,1.041787319
35,7.5,19.98563,4.19,1.9,63.55,25,,0.340444115
35,7.5,29.76465,4.19,1.9,63.55,25,,0.340444115
35,7.5,50.468775,4.19,1.9,63.55,25,,0.340444115
35,7.5,80.470275,4.19,1.9,63.55,25,,0.340444115
35,7.5,100.30035,4.19,1.9,63.55,25,,0.340444115
35,7.5,120.340925,4.19,1.9,63.55,25,,0.340444115
35,7.5,150.035,4.19,1.9,63.55,25,,0.340444115
35,7.5,200.17465,4.19,1.9,63.55,25,,0.340444115
47.8,7.5,20.913925,4.19,1.9,63.55,25,,0.954242509
47.8,7.5,31.27055,4.19,1.9,63.55,25,,0.954242509
47.8,7.5,50.35095,4.19,1.9,63.55,25,,0.954242509
47.8,7.5,79.9103,4.19,1.9,63.55,25,,0.954242509
47.8,7.5,101.671025,4.19,1.9,63.55,25,,0.954242509
47.8,7.5,122.22355,4.19,1.9,63.55,25,,0.954242509
47.8,7.5,149.208975,4.19,1.9,63.55,25,,0.954242509
47.8,7.5,202.357375,4.19,1.9,63.55,25,,0.954242509
47.8,7.5,19.761475,4.19,1.9,63.55,25,,0.021189299
47.8,7.5,29.470175,4.19,1.9,63.55,25,,0.021189299
47.8,7.5,50.5779975,4.19,1.9,63.55,25,,0.021189299
47.8,7.5,82.671,4.19,1.9,63.55,25,,0.021189299
47.8,7.5,103.5448,4.19,1.9,63.55,25,,0.021189299
47.8,7.5,123.2132475,4.19,1.9,63.55,25,,0.021189299
47.8,7.5,149.5525325,4.19,1.9,63.55,25,,0.021189299
47.8,7.5,202.87985,4.19,1.9,63.55,25,,0.021189299
8.47,2.4,0.5590448,4.26,1.6,112.41,15,6,-0.183294816
8.47,2.4,1.5647856,4.26,1.6,112.41,15,6,-0.183294816
8.47,2.4,3.1848412,4.26,1.6,112.41,15,6,-0.183294816
8.47,2.4,4.8376024,4.26,1.6,112.41,15,6,-0.183294816
8.47,2.4,6.4283492,4.26,1.6,112.41,15,6,-0.183294816
8.47,2.4,8.0322012,4.26,1.6,112.41,15,6,-0.183294816
8.47,2.4,0.6397062,4.26,1.6,112.41,27,6,-0.105351696
8.47,2.4,1.6172366,4.26,1.6,112.41,27,6,-0.105351696
8.47,2.4,3.3764756,4.26,1.6,112.41,27,6,-0.105351696
8.47,2.4,5.1395828,4.26,1.6,112.41,27,6,-0.105351696
8.47,2.4,6.7953644,4.26,1.6,112.41,27,6,-0.105351696
8.47,2.4,8.359906,4.26,1.6,112.41,27,6,-0.105351696
8.47,2.4,0.6956474,4.26,1.6,112.41,45,6,-0.033201454
8.47,2.4,1.6933558,4.26,1.6,112.41,45,6,-0.033201454
8.47,2.4,3.4793124,4.26,1.6,112.41,45,6,-0.033201454
8.47,2.4,5.1870624,4.26,1.6,112.41,45,6,-0.033201454
8.47,2.4,6.7092472,4.26,1.6,112.41,45,6,-0.033201454
8.47,2.4,8.3594688,4.26,1.6,112.41,45,6,-0.033201454
200,0.6,0.04908862,4.01,2.33,207.2,25,6,-0.212468684
200,0.6,0.1029911,4.01,2.33,207.2,25,6,-0.212468684
200,0.6,0.2006319,4.01,2.33,207.2,25,6,-0.212468684
200,0.6,0.5015676,4.01,2.33,207.2,25,6,-0.212468684
200,0.6,1.000442,4.01,2.33,207.2,25,6,-0.212468684
225,10,1,4.26,1.6,112.41,25,7.6,-0.469032318
225,10,2,4.26,1.6,112.41,25,7.6,-0.469032318
225,10,3,4.26,1.6,112.41,25,7.6,-0.469032318
225,10,4,4.26,1.6,112.41,25,7.6,-0.469032318
225,10,5,4.26,1.6,112.41,25,7.6,-0.469032318
225,10,10.027,4.26,1.6,112.41,25,7.6,-0.469032318
225,10,1.00425,4.26,1.6,112.41,25,7.6,0.328379603
225,10,1.98263,4.26,1.6,112.41,25,7.6,0.328379603
225,10,2.98845,4.26,1.6,112.41,25,7.6,0.328379603
225,10,3.96801,4.26,1.6,112.41,25,7.6,0.328379603
225,10,4.97265,4.26,1.6,112.41,25,7.6,0.328379603
225,10,9.94718,4.26,1.6,112.41,25,7.6,0.328379603
225,10,0.992701,4.26,1.6,112.41,25,7.6,-1.589391457
225,10,2,4.26,1.6,112.41,25,7.6,-1.589391457
225,10,2.9927,4.26,1.6,112.41,25,7.6,-1.589391457
225,10,4,4.26,1.6,112.41,25,7.6,-1.589391457
225,10,5.0073,4.26,1.6,112.41,25,7.6,-1.589391457
225,10,1.11386,4.26,1.6,112.41,25,7.6,-0.264800452
225,10,3.00743,4.26,1.6,112.41,25,7.6,-0.264800452
225,10,5.12376,4.26,1.6,112.41,25,7.6,-0.264800452
225,10,10.0248,4.26,1.6,112.41,25,7.6,-0.264800452
225,10,20.0495,4.26,1.6,112.41,25,7.6,-0.264800452
225,10,39.9876,4.26,1.6,112.41,25,7.6,-0.264800452
225,10,1,4.26,1.6,112.41,25,7.6,-3.629857153
225,10,2,4.26,1.6,112.41,25,7.6,-3.629857153
225,10,3,4.26,1.6,112.41,25,7.6,-3.629857153
225,10,4,4.26,1.6,112.41,25,7.6,-3.629857153
225,10,5,4.26,1.6,112.41,25,7.6,-3.629857153
225,10,10.027,4.26,1.6,112.41,25,7.6,-3.629857153
225,10,1.00504,4.26,1.6,112.41,25,7.6,-0.442613118
225,10,1.98469,4.26,1.6,112.41,25,7.6,-0.442613118
225,10,2.9917,4.26,1.6,112.41,25,7.6,-0.442613118
225,10,3.97155,4.26,1.6,112.41,25,7.6,-0.442613118
225,10,4.97846,4.26,1.6,112.41,25,7.6,-0.442613118
225,10,9.96242,4.26,1.6,112.41,25,7.6,-0.442613118
225,10,0.992701,4.26,1.6,112.41,25,7.6,-0.897909474
225,10,2,4.26,1.6,112.41,25,7.6,-0.897909474
225,10,3.0073,4.26,1.6,112.41,25,7.6,-0.897909474
225,10,4,4.26,1.6,112.41,25,7.6,-0.897909474
225,10,5.0073,4.26,1.6,112.41,25,7.6,-0.897909474
225,10,1.11386,4.26,1.6,112.41,25,7.6,-0.211492248
225,10,3.00743,4.26,1.6,112.41,25,7.6,-0.211492248
225,10,5.12376,4.26,1.6,112.41,25,7.6,-0.211492248
225,10,10.0248,4.26,1.6,112.41,25,7.6,-0.211492248
225,10,20.0495,4.26,1.6,112.41,25,7.6,-0.211492248
225,10,40.099,4.26,1.6,112.41,25,7.6,-0.211492248
225,10,1,4.26,1.6,112.41,25,7.6,-4.155522824
225,10,2,4.26,1.6,112.41,25,7.6,-4.155522824
225,10,3,4.26,1.6,112.41,25,7.6,-4.155522824
225,10,5,4.26,1.6,112.41,25,7.6,-4.155522824
225,10,1.00553,4.26,1.6,112.41,25,7.6,-1.460422117
225,10,1.98548,4.26,1.6,112.41,25,7.6,-1.460422117
225,10,2.99219,4.26,1.6,112.41,25,7.6,-1.460422117
225,10,3.99998,4.26,1.6,112.41,25,7.6,-1.460422117
225,10,4.98013,4.26,1.6,112.41,25,7.6,-1.460422117
225,10,9.96282,4.26,1.6,112.41,25,7.6,-1.460422117
225,10,0.992701,4.26,1.6,112.41,25,7.6,-1.240483241
225,10,2,4.26,1.6,112.41,25,7.6,-1.240483241
225,10,2.9927,4.26,1.6,112.41,25,7.6,-1.240483241
225,10,4,4.26,1.6,112.41,25,7.6,-1.240483241
225,10,5.0073,4.26,1.6,112.41,25,7.6,-1.240483241
225,10,1.11386,4.26,1.6,112.41,25,7.6,0.012541973
225,10,3.11881,4.26,1.6,112.41,25,7.6,0.012541973
225,10,5.01238,4.26,1.6,112.41,25,7.6,0.012541973
225,10,10.0248,4.26,1.6,112.41,25,7.6,0.012541973
225,10,20.0495,4.26,1.6,112.41,25,7.6,0.012541973
225,10,40.099,4.26,1.6,112.41,25,7.6,0.012541973
112.5,1,0.1309035,4.19,1.9,63.55,25,5.5,-0.818722507
112.5,1,0.911149,4.19,1.9,63.55,25,5.5,-0.818722507
112.5,1,1.952181,4.19,1.9,63.55,25,5.5,-0.818722507
112.5,1,5.198892,4.19,1.9,63.55,25,5.5,-0.818722507
112.5,1,8.303267,4.19,1.9,63.55,25,5.5,-0.818722507
112.5,1,10.524395,4.19,1.9,63.55,25,5.5,-0.818722507
40,1,4.977089,3.75,1.6,51.996,25,4,0.540829814
40,1,9.793363,3.75,1.6,51.996,25,4,0.540829814
40,1,20.16078,3.75,1.6,51.996,25,4,0.540829814
40,1,30.03748,3.75,1.6,51.996,25,4,0.540829814
40,1,40.05185,3.75,1.6,51.996,25,4,0.540829814
40,1,50.07381,3.75,1.6,51.996,25,4,0.540829814
0.055,1,9.986282,,2.18,74.922,25,3,-2.950781977
0.055,1,20.061182,,2.18,74.922,25,3,-2.950781977
0.055,1,30.112918,,2.18,74.922,25,3,-2.950781977
0.055,1,40.13307,,2.18,74.922,25,3,-2.950781977
0.055,1,50.05754,,2.18,74.922,25,3,-2.950781977
45667,1,9.975373,,2.18,74.922,25,3,-2.980053318
45667,1,20.024818,,2.18,74.922,25,3,-2.980053318
45667,1,30.217027,,2.18,74.922,25,3,-2.980053318
45667,1,40.049436,,2.18,74.922,25,3,-2.980053318
45667,1,50.19801,,2.18,74.922,25,3,-2.980053318
55,1,9.960827,,2.18,74.922,25,3,-3.036212173
55,1,19.964145,,2.18,74.922,25,3,-3.036212173
55,1,30.019518,,2.18,74.922,25,3,-3.036212173
55,1,40.050582,,2.18,74.922,25,3,-3.036212173
55,1,50.0671,,2.18,74.922,25,3,-3.036212173
